Workbook

Sheet 持有情况
A2: あら、奇遇ね（红过牌） | K2: ほら、一緒に持と♪（蓝再动） | U2: 仕事のつもりで臨みなさい（学生会） | AE2: ほっとけないクラスメイト（朝助） | AO2: 実食！例のSSD（蓝13） | AW2: 道具属性 | AY2: いつか、きっと花開く（sr黄睡）
C3: 破数 | E3: 营业 | F3: 第一属性 | G3: 第二属性 | H3: 第三属性 | M3: 破数 | O3: 抓a卡 | P3: 第一属性 | Q3: 第二属性 | R3: 第三属性 | W3: 破数 | Y3: 训练 | Z3: 第一属性 | AA3: 第二属性 | AB3: 第三属性 | AG3: 破数 | AI3: 强化 | AJ3: 第一属性 | AK3: 第二属性 | AL3: 第三属性 | AQ3: 破数 | AS3: 训练 | AT3: 第一属性 | AU3: 第二属性 | AV3: 第三属性 | AW3: 39 | BA3: 破数 | BC3: 强化 | BD3: 第一属性 | BE3: 第二属性 | BF3: 第三属性
C4: 4 | E4: =IF(C4=-1,0,IF(C4<=3,词条!C16,词条!D16)) -> 7 | F4: =IF(C4=-1,0,INT(C6+D6*路线!B14+E4*路线!B30+E6)) -> 173 | G4: =IF(C4=-1,0,INT(C6+D6*路线!B17+E4*路线!B30+E6)) -> 167 | H4: =IF(C4=-1,0,INT(C6+D6*路线!B20+E4*路线!B30+E6)) -> 149 | M4: 4 | O4: =IF(M4=-1,0,IF(M4<=3,词条!C14,词条!D14)) -> 3 | P4: =IF(M4=-1,0,INT((M6/100)*路线!B11+N6*路线!B14+O4*路线!B23+O6)) -> 170 | Q4: =IF(M4=-1,0,INT((M6/100)*路线!B12+N6*路线!B17+O4*路线!B23+O6)) -> 145 | R4: =IF(M4=-1,0,INT((M6/100)*路线!B13+N6*路线!B20+O4*路线!B23+O6)) -> 91 | W4: 4 | Y4: =IF(W4=-1,0,IF(W4<=3,词条!F6,词条!G6)) -> 4 | Z4: =IF(W4=-1,0,IF(路线!C6="计算",INT(W6+X6*路线!B24+Y4*路线!B14+Y6+20),INT(W6+X6*路线!B24+Y4*路线!B14+Y6))) -> 160 | AA4: =IF(W4=-1,0,IF(路线!C6="计算",INT(W6+X6*路线!B24+Y4*路线!B17+Y6+20),INT(W6+X6*路线!B24+Y4*路线!B17+Y6))) -> 156 | AB4: =IF(W4=-1,0,IF(路线!C6="计算",INT(W6+X6*路线!B24+Y4*路线!B20+Y6+20),INT(W6+X6*路线!B24+Y4*路线!B20+Y6))) -> 144 | AG4: 4 | AI4: =IF(AG4=-1,0,IF(AG4<=3,词条!I9,词条!J9)) -> 3 | AJ4: =IF(AG4=-1,0,INT(AG6+AH6*路线!B31+AI4*(路线!B28+路线!B29)+AI6)) -> 87 | AK4: =IF(AG4=-1,0,INT(AG6+AH6*路线!B31+AI4*(路线!B28+路线!B29)+AI6)) -> 87 | AL4: =IF(AG4=-1,0,INT(AG6+AH6*路线!B31+AI4*(路线!B28+路线!B29)+AI6)) -> 87 | AQ4: 4 | AS4: =IF(AQ4=-1,0,IF(AQ4<=3,词条!I6,词条!J6)) -> 4 | AT4: =IF(AQ4=-1,0,INT(AQ6+AR6*路线!B33+AS4*路线!B14+AS6)) -> 123 | AU4: =IF(AQ4=-1,0,INT(AQ6+AR6*路线!B33+AS4*路线!B17+AS6)) -> 119 | AV4: =IF(AQ4=-1,0,INT(AQ6+AR6*路线!B33+AS4*路线!B20+AS6)) -> 107 | AW4: =AT4+AW3 -> 162 | BA4: 4 | BC4: =IF(BA4=-1,0,IF(BA4<=3,词条!I9,词条!J9)) -> 3 | BD4: =IF(BA4=-1,0,INT(BA6+BB6*路线!B32+BC4*(路线!B28+路线!B29)+BC6)) -> 121 | BE4: =IF(BA4=-1,0,INT(BA6+BB6*路线!B32+BC4*(路线!B28+路线!B29)+BC6)) -> 121 | BF4: =IF(BA4=-1,0,INT(BA6+BB6*路线!B32+BC4*(路线!B28+路线!B29)+BC6)) -> 121
C5: 基础值 | D5: 训练 | E5: 事件 | M5: 百分比 | N5: 训练 | O5: 事件 | W5: 基础值 | X5: 抓m卡 | Y5: 事件 | AG5: 基础值 | AH5: 外出 | AI5: 事件 | AQ5: 基础值 | AR5: 相谈 | AS5: 事件 | AW5: =AU4+AW3 -> 158 | BA5: 基础值 | BB5: 休息 | BC5: 事件
C6: =IF(C4=-1,0,INDEX(词条!C3:G3,C4+1)) -> 60 | D6: =IF(C4=-1,0,IF(C4<=2,词条!C6,词条!D6)) -> 6 | E6: =IF(C4=-1,0,CHOOSE(C4+1,词条!C2,词条!D2,词条!D2,词条!D2,词条!E2)) -> 40 | F6: 通用 | M6: =IF(M4=-1,0,INDEX(词条!C4:G4,M4+1)) -> 8.5 | N6: =IF(M4=-1,0,IF(M4<=2,词条!C6,词条!D6)) -> 6 | O6: =IF(M4=-1,0,CHOOSE(M4+1,词条!C2,词条!D2,词条!D2,词条!D2,词条!E2)) -> 40 | P6: 通用 | W6: =IF(W4=-1,0,INDEX(词条!C3:G3,W4+1)) -> 60 | X6: =IF(W4=-1,0,IF(W4<=2,词条!F13,词条!G13)) -> 2 | Y6: =IF(W4=-1,0,CHOOSE(W4+1,词条!C2,词条!D2,词条!D2,词条!D2,词条!E2)) -> 40 | Z6: 通用 | AG6: =IF(AG4=-1,0,INDEX(词条!I3:M3,AG4+1)) -> 45 | AH6: =IF(AG4=-1,0,IF(AG4<=2,词条!I17,词条!J17)) -> 10 | AI6: =IF(AG4=-1,0,CHOOSE(AG4+1,词条!I2,词条!I2,词条!J2,词条!J2,词条!K2)) -> 30 | AJ6: 通用 | AQ6: =IF(AQ4=-1,0,INDEX(词条!I3:M3,AQ4+1)) -> 45 | AR6: =IF(AQ4=-1,0,IF(AQ4<=2,词条!I18,词条!J18)) -> 8 | AS6: =IF(AQ4=-1,0,CHOOSE(AQ4+1,词条!I2,词条!I2,词条!J2,词条!J2,词条!K2)) -> 30 | AT6: 通用 | AW6: =AV4 -> 107 | BA6: =IF(BA4=-1,0,INDEX(词条!I3:M3,BA4+1)) -> 45 | BB6: =IF(BA4=-1,0,IF(BA4<=2,词条!I5,词条!J5)) -> 17 | BC6: =IF(BA4=-1,0,CHOOSE(BA4+1,词条!I2,词条!I2,词条!J2,词条!J2,词条!K2)) -> 30 | BD6: 通用
A8: また、あんなに無理をして（红毛巾） | K8: まじか。（光舞台） | U8: 私の目に狂いはない（黄再动） | AE8: マイペース、マイライフ（红13） | AM8: 道具属性 | AO8: 嬉し恥ずかし夢心地（姐姐百科） | AW8: 道具属性 | AY8: 思惑とガクガク（黄13） | BG8: 道具属性
C9: 破数 | E9: 抓m卡 | F9: 第一属性 | G9: 第二属性 | H9: 第三属性 | M9: 破数 | O9: 相谈 | P9: 第一属性 | Q9: 第二属性 | R9: 第三属性 | W9: 破数 | Y9: 强化 | Z9: 第一属性 | AA9: 第二属性 | AB9: 第三属性 | AG9: 破数 | AI9: 训练 | AJ9: 第一属性 | AK9: 第二属性 | AL9: 第三属性 | AM9: 39 | AQ9: 破数 | AS9: 通常训练 | AT9: 第一属性 | AU9: 第二属性 | AV9: 第三属性 | AW9: 52 | BA9: 破数 | BC9: 训练 | BD9: 第一属性 | BE9: 第二属性 | BF9: 第三属性 | BG9: 39
C10: 4 | E10: =IF(C10=-1,0,IF(C10<=3,词条!C13,词条!D13)) -> 3 | F10: =IF(C10=-1,0,INT((C12/100)*路线!B11+D12*路线!B31+E10*路线!B24+E12)) -> 152 | G10: =IF(C10=-1,0,INT((C12/100)*路线!B12+D12*路线!B31+E10*路线!B24+E12)) -> 133 | H10: =IF(C10=-1,0,INT((C12/100)*路线!B13+D12*路线!B31+E10*路线!B24+E12)) -> 97 | M10: 4 | O10: =IF(M10=-1,0,IF(M10<=3,词条!C18,词条!D18)) -> 11 | P10: =IF(M10=-1,0,IF(路线!C6="计算",INT(M12+N12*路线!B14+O10*路线!B33+O12+20),INT(M12+N12*路线!B14+O10*路线!B33+O12))) -> 188 | Q10: =IF(M10=-1,0,IF(路线!C6="计算",INT(M12+N12*路线!B17+O10*路线!B33+O12+20),INT(M12+N12*路线!B17+O10*路线!B33+O12))) -> 182 | R10: =IF(M10=-1,0,IF(路线!C6="计算",INT(M12+N12*路线!B20+O10*路线!B33+O12+20),INT(M12+N12*路线!B20+O10*路线!B33+O12))) -> 164 | W10: 4 | Y10: =IF(W10=-1,0,IF(W10<=3,词条!C9,词条!D9)) -> 4 | Z10: =IF(W10=-1,0,INT((W12/100)*路线!B11+X12*路线!B30+Y10*(路线!B28+路线!B29)+Y12)) -> 181 | AA10: =IF(W10=-1,0,INT((W12/100)*路线!B12+X12*路线!B30+Y10*(路线!B28+路线!B29)+Y12)) -> 162 | AB10: =IF(W10=-1,0,INT((W12/100)*路线!B13+X12*路线!B30+Y10*(路线!B28+路线!B29)+Y12)) -> 126 | AG10: 4 | AI10: =IF(AG10=-1,0,IF(AG10<=3,词条!I6,词条!J6)) -> 4 | AJ10: =IF(AG10=-1,0,INT(AG12+AH12*路线!B33+AI10*路线!B14+AI12)) -> 123 | AK10: =IF(AG10=-1,0,INT(AG12+AH12*路线!B33+AI10*路线!B17+AI12)) -> 119 | AL10: =IF(AG10=-1,0,INT(AG12+AH12*路线!B33+AI10*路线!B20+AI12)) -> 107 | AM10: =AJ10+AM9 -> 162 | AQ10: 4 | AS10: =IF(AQ10=-1,0,IF(AQ10<=3,词条!I8,词条!J8)) -> 13 | AT10: =IF(AQ10=-1,0,INT(AQ12+AR12*路线!B30+AS10*路线!B16+AS12)) -> 110 | AU10: =IF(AQ10=-1,0,INT(AQ12+AR12*路线!B30+AS10*路线!B19+AS12)) -> 110 | AV10: =IF(AQ10=-1,0,INT(AQ12+AR12*路线!B30+AS10*路线!B22+AS12)) -> 110 | AW10: =AT10+AW9 -> 162 | BA10: 4 | BC10: =IF(BA10=-1,0,IF(BA10<=3,词条!I6,词条!J6)) -> 4 | BD10: =IF(BA10=-1,0,INT(BA12+BB12*路线!B33+BC10*路线!B14+BC12)) -> 123 | BE10: =IF(BA10=-1,0,INT(BA12+BB12*路线!B33+BC10*路线!B17+BC12)) -> 119 | BF10: =IF(BA10=-1,0,INT(BA12+BB12*路线!B33+BC10*路线!B20+BC12)) -> 107 | BG10: =BD10+BG9 -> 162
C11: 百分比 | D11: 外出 | E11: 事件 | M11: 基础值 | N11: 训练 | O11: 事件 | W11: 百分比 | X11: 营业 | Y11: 事件 | AG11: 基础值 | AH11: 相谈 | AI11: 事件 | AM11: =AK10+AM9 -> 158 | AQ11: 基础值 | AR11: 营业 | AS11: 事件 | AW11: =AU10+AW9 -> 162 | BA11: 基础值 | BB11: 相谈 | BC11: 事件 | BG11: =BE10+BG9 -> 158
C12: =IF(C10=-1,0,INDEX(词条!C4:G4,C10+1)) -> 8.5 | D12: =IF(C10=-1,0,IF(C10<=2,词条!C17,词条!D17)) -> 15 | E12: =IF(C10=-1,0,CHOOSE(C10+1,词条!C2,词条!D2,词条!D2,词条!D2,词条!E2)) -> 40 | F12: 通用 | M12: =IF(M10=-1,0,INDEX(词条!C3:G3,M10+1)) -> 60 | N12: =IF(M10=-1,0,IF(M10<=2,词条!C6,词条!D6)) -> 6 | O12: =IF(M10=-1,0,CHOOSE(M10+1,词条!C2,词条!D2,词条!D2,词条!D2,词条!E2)) -> 40 | P12: 通用 | W12: =IF(W10=-1,0,INDEX(词条!C4:G4,W10+1)) -> 8.5 | X12: =IF(W10=-1,0,IF(W10<=2,词条!C16,词条!D16)) -> 7 | Y12: =IF(W10=-1,0,CHOOSE(W10+1,词条!C2,词条!D2,词条!D2,词条!D2,词条!E2)) -> 40 | Z12: 通用 | AG12: =IF(AG10=-1,0,INDEX(词条!I3:M3,AG10+1)) -> 45 | AH12: =IF(AG10=-1,0,IF(AG10<=2,词条!I18,词条!J18)) -> 8 | AI12: =IF(AG10=-1,0,CHOOSE(AG10+1,词条!I2,词条!I2,词条!J2,词条!J2,词条!K2)) -> 30 | AJ12: 通用 | AM12: =AL10 -> 107 | AQ12: =IF(AQ10=-1,0,INDEX(词条!I3:M3,AQ10+1)) -> 45 | AR12: =IF(AQ10=-1,0,IF(AQ10<=2,词条!I16,词条!J16)) -> 5 | AS12: =IF(AQ10=-1,0,CHOOSE(AQ10+1,词条!I2,词条!I2,词条!J2,词条!J2,词条!K2)) -> 30 | AT12: 通用 | AW12: =AV10+AW9 -> 162 | BA12: =IF(BA10=-1,0,INDEX(词条!I3:M3,BA10+1)) -> 45 | BB12: =IF(BA10=-1,0,IF(BA10<=2,词条!I18,词条!J18)) -> 8 | BC12: =IF(BA10=-1,0,CHOOSE(BA10+1,词条!I2,词条!I2,词条!J2,词条!J2,词条!K2)) -> 30 | BD12: 通用 | BG12: =BF10 -> 107
A14: 可愛いと可愛いで可愛い！（三可爱） | K14: わたしたち、やればできる（蓝厨房） | U14: まるで王子様みたいな（王子） | AE14: 愛無き暗記は難しい（永年） | AM14: 道具属性 | AO14: ふわふわでワクワク（蓝饮料） | AY14: ほっぺた、ぷに（黄永年） | BG14: 道具属性
C15: 破数 | E15: 抓a卡 | F15: 第一属性 | G15: 第二属性 | H15: 第三属性 | M15: 破数 | O15: sp训练 | P15: 第一属性 | Q15: 第二属性 | R15: 第三属性 | W15: 破数 | Y15: 抓m卡 | Z15: 第一属性 | AA15: 第二属性 | AB15: 第三属性 | AG15: 破数 | AI15: 通常训练 | AJ15: 第一属性 | AK15: 第二属性 | AL15: 第三属性 | AM15: 52 | AQ15: 破数 | AS15: sp训练 | AT15: 第一属性 | AU15: 第二属性 | AV15: 第三属性 | BA15: 破数 | BC15: 通常训练 | BD15: 第一属性 | BE15: 第二属性 | BF15: 第三属性 | BG15: 52
C16: 4 | E16: =IF(C16=-1,0,IF(C16<=3,词条!C14,词条!D14)) -> 3 | F16: =IF(C16=-1,0,IF(路线!C6="计算",INT(C18+D18*路线!B15+E16*路线!B23+E18+20),INT(C18+D18*路线!B15+E16*路线!B23+E18))) -> 218 | G16: =IF(C16=-1,0,IF(路线!C6="计算",INT(C18+D18*路线!B18+E16*路线!B23+E18+20),INT(C18+D18*路线!B18+E16*路线!B23+E18))) -> 201 | H16: =IF(C16=-1,0,IF(路线!C6="计算",INT(C18+D18*路线!B21+E16*路线!B23+E18+20),INT(C18+D18*路线!B21+E16*路线!B23+E18))) -> 150 | M16: 4 | O16: =IF(M16=-1,0,IF(M16<=3,词条!F7,词条!G7)) -> 13 | P16: =IF(M16=-1,0,IF(路线!C6="计算",INT((M18/100)*路线!B11+N18*路线!B29+O16*路线!B15+O18+20),INT((M18/100)*路线!B11+N18*路线!B29+O16*路线!B15+O18))) -> 202 | Q16: =IF(M16=-1,0,IF(路线!C6="计算",INT((M18/100)*路线!B12+N18*路线!B29+O16*路线!B18+O18+20),INT((M18/100)*路线!B12+N18*路线!B29+O16*路线!B18+O18))) -> 170 | R16: =IF(M16=-1,0,IF(路线!C6="计算",INT((M18/100)*路线!B13+N18*路线!B29+O16*路线!B21+O18+20),INT((M18/100)*路线!B13+N18*路线!B29+O16*路线!B21+O18))) -> 95 | W16: 4 | Y16: =IF(W16=-1,0,IF(W16<=3,词条!C13,词条!D13)) -> 3 | Z16: =IF(W16=-1,0,INT(W18+X18*路线!B15+Y16*路线!B24+Y18)) -> 204 | AA16: =IF(W16=-1,0,INT(W18+X18*路线!B18+Y16*路线!B24+Y18)) -> 187 | AB16: =IF(W16=-1,0,INT(W18+X18*路线!B21+Y16*路线!B24+Y18)) -> 136 | AG16: 4 | AI16: =IF(AG16=-1,0,IF(AG16<=3,词条!I8,词条!J8)) -> 13 | AJ16: =IF(AG16=-1,0,INT(AG18+AH18*路线!B30+AI16*路线!B16+AI18)) -> 110 | AK16: =IF(AG16=-1,0,INT(AG18+AH18*路线!B30+AI16*路线!B19+AI18)) -> 110 | AL16: =IF(AG16=-1,0,INT(AG18+AH18*路线!B30+AI16*路线!B22+AI18)) -> 110 | AM16: =AJ16+AM15 -> 162 | AQ16: 4 | AS16: =IF(AQ16=-1,0,IF(AQ16<=3,词条!I7,词条!J7)) -> 13 | AT16: =IF(AQ16=-1,0,INT((AQ18/100)*路线!B11+AR18+AS16*路线!B15+AS18)) -> 156 | AU16: =IF(AQ16=-1,0,INT((AQ18/100)*路线!B12+AR18+AS16*路线!B18+AS18)) -> 129 | AV16: =IF(AQ16=-1,0,INT((AQ18/100)*路线!B13+AR18+AS16*路线!B21+AS18)) -> 63 | BA16: 4 | BC16: =IF(BA16=-1,0,IF(BA16<=3,词条!I8,词条!J8)) -> 13 | BD16: =IF(BA16=-1,0,INT((BA18/100)*路线!B11+BB18*路线!B30+BC16*路线!B16+BC18)) -> 122 | BE16: =IF(BA16=-1,0,INT((BA18/100)*路线!B12+BB18*路线!B30+BC16*路线!B19+BC18)) -> 108 | BF16: =IF(BA16=-1,0,INT((BA18/100)*路线!B13+BB18*路线!B30+BC16*路线!B22+BC18)) -> 81 | BG16: =BD16+BG15 -> 174
C17: 基础值 | D17: sp训练 | E17: 事件 | F17: SP | M17: 百分比 | N17: m强化 | O17: 事件 | W17: 基础值 | X17: sp训练 | Y17: 事件 | Z17: SP | AG17: 基础值 | AH17: 营业 | AI17: 事件 | AM17: =AK16+AM15 -> 162 | AQ17: 百分比 | AR17: 试验终了 | AS17: 事件 | AT17: SP | BA17: 百分比 | BB17: 营业 | BC17: 事件 | BG17: =BE16+BG15 -> 160
C18: =IF(C16=-1,0,INDEX(词条!C3:G3,C16+1)) -> 60 | D18: =IF(C16=-1,0,IF(C16<=2,词条!C7,词条!D7)) -> 17 | E18: =IF(C16=-1,0,CHOOSE(C16+1,词条!C2,词条!D2,词条!D2,词条!D2,词条!E2)) -> 40 | F18: 通用 | M18: =IF(M16=-1,0,INDEX(词条!C4:G4,M16+1)) -> 8.5 | N18: =IF(M16=-1,0,IF(M16<=2,词条!F10,词条!G10)) -> 7 | O18: =IF(M16=-1,0,CHOOSE(M16+1,词条!C2,词条!D2,词条!D2,词条!D2,词条!E2)) -> 40 | P18: 理性 | W18: =IF(W16=-1,0,INDEX(词条!C3:G3,W16+1)) -> 60 | X18: =IF(W16=-1,0,IF(W16<=2,词条!C7,词条!D7)) -> 17 | Y18: =IF(W16=-1,0,CHOOSE(W16+1,词条!C2,词条!D2,词条!D2,词条!D2,词条!E2)) -> 40 | Z18: 通用 | AG18: =IF(AG16=-1,0,INDEX(词条!I3:M3,AG16+1)) -> 45 | AH18: =IF(AG16=-1,0,IF(AG16<=2,词条!I16,词条!J16)) -> 5 | AI18: =IF(AG16=-1,0,CHOOSE(AG16+1,词条!I2,词条!I2,词条!J2,词条!J2,词条!K2)) -> 30 | AJ18: 通用 | AM18: =AL16+AM15 -> 162 | AQ18: =IF(AQ16=-1,0,INDEX(词条!I4:M4,AQ16+1)) -> 6.4 | AR18: =IF(AQ16=-1,0,IF(AQ16<=2,词条!I19,词条!J19)) -> 17 | AS18: =IF(AQ16=-1,0,CHOOSE(AQ16+1,词条!I2,词条!I2,词条!J2,词条!J2,词条!K2)) -> 30 | AT18: 通用 | BA18: =IF(BA16=-1,0,INDEX(词条!I4:M4,BA16+1)) -> 6.4 | BB18: =IF(BA16=-1,0,IF(BA16<=2,词条!I16,词条!J16)) -> 5 | BC18: =IF(BA16=-1,0,CHOOSE(BA16+1,词条!I2,词条!I2,词条!J2,词条!J2,词条!K2)) -> 30 | BD18: 通用 | BG18: =BF16+BG15 -> 133
A20: 次の桜の季節には。（花荫） | K20: おいしい顔、いただき～！（蓝拍照） | U20: お疲れ様、千奈ちゃん。（辛苦了千奈） | AE20: のらりくらりしっかり | AO20: 魅惑の大腿四頭筋 | AY20: てとりあしとり
C21: 破数 | E21: 强化 | F21: 第一属性 | G21: 第二属性 | H21: 第三属性 | M21: 破数 | O21: 强化 | P21: 第一属性 | Q21: 第二属性 | R21: 第三属性 | W21: 破数 | Y21: 抓a卡 | Z21: 第一属性 | AA21: 第二属性 | AB21: 第三属性 | AG21: 破数 | AI21: 训练 | AJ21: 第一属性 | AK21: 第二属性 | AL21: 第三属性 | AQ21: 破数 | AS21: 训练 | AT21: 第一属性 | AU21: 第二属性 | AV21: 第三属性 | BA21: 破数 | BC21: 训练 | BD21: 第一属性 | BE21: 第二属性 | BF21: 第三属性
C22: 4 | E22: =IF(C22=-1,0,IF(C22<=3,词条!C9,词条!D9)) -> 4 | F22: =IF(C22=-1,0,IF(路线!C6="计算",INT((C24/100)*路线!B11+D24*路线!B14+E22*(路线!B28+路线!B29)+E24+20),INT((C24/100)*路线!B11+D24*路线!B14+E22*(路线!B28+路线!B29)+E24))) -> 176 | G22: =IF(C22=-1,0,IF(路线!C6="计算",INT((C24/100)*路线!B12+D24*路线!B17+E22*(路线!B28+路线!B29)+E24+20),INT((C24/100)*路线!B12+D24*路线!B17+E22*(路线!B28+路线!B29)+E24))) -> 151 | H22: =IF(C22=-1,0,IF(路线!C6="计算",INT((C24/100)*路线!B13+D24*路线!B20+E22*(路线!B28+路线!B29)+E24+20),INT((C24/100)*路线!B13+D24*路线!B20+E22*(路线!B28+路线!B29)+E24))) -> 97 | M22: 4 | O22: =IF(M22=-1,0,IF(M22<=3,词条!C9,词条!D9)) -> 4 | P22: =IF(M22=-1,0,IF(路线!C6="计算",INT(M24+N24*路线!B15+O22*(路线!B28+路线!B29)+O24+20),INT(M24+N24*路线!B15+O22*(路线!B28+路线!B29)+O24))) -> 204 | Q22: =IF(M22=-1,0,IF(路线!C6="计算",INT(M24+N24*路线!B18+O22*(路线!B28+路线!B29)+O24+20),INT(M24+N24*路线!B18+O22*(路线!B28+路线!B29)+O24))) -> 187 | R22: =IF(M22=-1,0,IF(路线!C6="计算",INT(M24+N24*路线!B21+O22*(路线!B28+路线!B29)+O24+20),INT(M24+N24*路线!B21+O22*(路线!B28+路线!B29)+O24))) -> 136 | W22: 4 | Y22: =IF(W22=-1,0,IF(W22<=3,词条!C14,词条!D14)) -> 3 | Z22: =IF(W22=-1,0,IF(路线!C6="计算",INT((W24/100)*路线!B11+X24*路线!B14+Y22*路线!B23+Y24+20),INT((W24/100)*路线!B11+X24*路线!B14+Y22*路线!B23+Y24))) -> 190 | AA22: =IF(W22=-1,0,IF(路线!C6="计算",INT((W24/100)*路线!B12+X24*路线!B17+Y22*路线!B23+Y24+20),INT((W24/100)*路线!B12+X24*路线!B17+Y22*路线!B23+Y24))) -> 165 | AB22: =IF(W22=-1,0,IF(路线!C6="计算",INT((W24/100)*路线!B13+X24*路线!B20+Y22*路线!B23+Y24+20),INT((W24/100)*路线!B13+X24*路线!B20+Y22*路线!B23+Y24))) -> 111 | AG22: 4 | AI22: =IF(AG22=-1,0,IF(AG22<=3,词条!I6,词条!J6)) -> 4 | AJ22: =IF(AG22=-1,0,IF(路线!C6="计算",INT((AG24/100)*路线!B11+AH24*路线!B34+AI22*路线!B14+AI24+20),INT((AG24/100)*路线!B11+AH24*路线!B34+AI22*路线!B14+AI24))) -> 156 | AK22: =IF(AG22=-1,0,IF(路线!C6="计算",INT((AG24/100)*路线!B12+AH24*路线!B34+AI22*路线!B17+AI24+20),INT((AG24/100)*路线!B12+AH24*路线!B34+AI22*路线!B17+AI24))) -> 138 | AL22: =IF(AG22=-1,0,IF(路线!C6="计算",INT((AG24/100)*路线!B13+AH24*路线!B34+AI22*路线!B20+AI24+20),INT((AG24/100)*路线!B13+AH24*路线!B34+AI22*路线!B20+AI24))) -> 99 | AQ22: 4 | AS22: =IF(AQ22=-1,0,IF(AQ22<=3,词条!I6,词条!J6)) -> 4 | AT22: =IF(AQ22=-1,0,IF(路线!C6="计算",INT((AQ24/100)*路线!B11+AR24*路线!B34+AS22*路线!B14+AS24+20),INT((AQ24/100)*路线!B11+AR24*路线!B34+AS22*路线!B14+AS24))) -> 156 | AU22: =IF(AQ22=-1,0,IF(路线!C6="计算",INT((AQ24/100)*路线!B12+AR24*路线!B34+AS22*路线!B17+AS24+20),INT((AQ24/100)*路线!B12+AR24*路线!B34+AS22*路线!B17+AS24))) -> 138 | AV22: =IF(AQ22=-1,0,IF(路线!C6="计算",INT((AQ24/100)*路线!B13+AR24*路线!B34+AS22*路线!B20+AS24+20),INT((AQ24/100)*路线!B13+AR24*路线!B34+AS22*路线!B20+AS24))) -> 99 | BA22: 4 | BC22: =IF(BA22=-1,0,IF(BA22<=3,词条!I6,词条!J6)) -> 4 | BD22: =IF(BA22=-1,0,IF(路线!C6="计算",INT(BA24+BB24*路线!B34+BC22*路线!B14+BC24+20),INT(BA24+BB24*路线!B34+BC22*路线!B14+BC24))) -> 144 | BE22: =IF(BA22=-1,0,IF(路线!C6="计算",INT(BA24+BB24*路线!B34+BC22*路线!B17+BC24+20),INT(BA24+BB24*路线!B34+BC22*路线!B17+BC24))) -> 140 | BF22: =IF(BA22=-1,0,IF(路线!C6="计算",INT(BA24+BB24*路线!B34+BC22*路线!B20+BC24+20),INT(BA24+BB24*路线!B34+BC22*路线!B20+BC24))) -> 128
C23: 百分比 | D23: 训练 | E23: 事件 | M23: 基础值 | N23: sp训练 | O23: 事件 | P23: SP | W23: 百分比 | X23: 训练 | Y23: 事件 | AG23: 百分比 | AH23: 支给 | AI23: 事件 | AQ23: 百分比 | AR23: 支给 | AS23: 事件 | BA23: 基础值 | BB23: 支给 | BC23: 事件
C24: =IF(C22=-1,0,INDEX(词条!C4:G4,C22+1)) -> 8.5 | D24: =IF(C22=-1,0,IF(C22<=2,词条!C6,词条!D6)) -> 6 | E24: =IF(C22=-1,0,CHOOSE(C22+1,词条!C2,词条!D2,词条!D2,词条!D2,词条!E2)) -> 40 | F24: 通用 | M24: =IF(M22=-1,0,INDEX(词条!C3:G3,M22+1)) -> 60 | N24: =IF(M22=-1,0,IF(M22<=2,词条!C7,词条!D7)) -> 17 | O24: =IF(M22=-1,0,CHOOSE(M22+1,词条!C2,词条!D2,词条!D2,词条!D2,词条!E2)) -> 40 | P24: 通用 | W24: =IF(W22=-1,0,INDEX(词条!C4:G4,W22+1)) -> 8.5 | X24: =IF(W22=-1,0,IF(W22<=2,词条!C6,词条!D6)) -> 6 | Y24: =IF(W22=-1,0,CHOOSE(W22+1,词条!C2,词条!D2,词条!D2,词条!D2,词条!E2)) -> 40 | Z24: 通用 | AG24: =IF(AG22=-1,0,INDEX(词条!I4:M4,AG22+1)) -> 6.4 | AH24: =IF(AG22=-1,0,IF(AG22<=2,词条!I12,词条!J12)) -> 11 | AI24: =IF(AG22=-1,0,CHOOSE(AG22+1,词条!I2,词条!I2,词条!J2,词条!J2,词条!K2)) -> 30 | AJ24: 通用 | AQ24: =IF(AQ22=-1,0,INDEX(词条!I4:M4,AQ22+1)) -> 6.4 | AR24: =IF(AQ22=-1,0,IF(AQ22<=2,词条!I12,词条!J12)) -> 11 | AS24: =IF(AQ22=-1,0,CHOOSE(AQ22+1,词条!I2,词条!I2,词条!J2,词条!J2,词条!K2)) -> 30 | AT24: 通用 | BA24: =IF(BA22=-1,0,INDEX(词条!I3:M3,BA22+1)) -> 45 | BB24: =IF(BA22=-1,0,IF(BA22<=2,词条!I12,词条!J12)) -> 11 | BC24: =IF(BA22=-1,0,CHOOSE(BA22+1,词条!I2,词条!I2,词条!J2,词条!J2,词条!K2)) -> 30 | BD24: 通用
A26: こいつらめんどくさー（红吵架） | K26: ぐぬぬぬぬ…………！（蓝50） | U26: お姉ちゃんに任せなさい！（黄发卡） | AE26: 今はあえて、背を向けて（刺猬） | AO26: パシャっとキメポ（sr蓝睡） | AY26: 体当たりのラブコール（过肩摔）
C27: 破数 | E27: sp训练 | F27: 第一属性 | G27: 第二属性 | H27: 第三属性 | M27: 破数 | O27: 抓m卡 | P27: 第一属性 | Q27: 第二属性 | R27: 第三属性 | W27: 破数 | Y27: 强化 | Z27: 第一属性 | AA27: 第二属性 | AB27: 第三属性 | AG27: 破数 | AI27: sp训练 | AJ27: 第一属性 | AK27: 第二属性 | AL27: 第三属性 | AQ27: 破数 | AS27: 训练 | AT27: 第一属性 | AU27: 第二属性 | AV27: 第三属性 | BA27: 破数 | BC27: sp训练 | BD27: 第一属性 | BE27: 第二属性 | BF27: 第三属性
C28: 4 | E28: =IF(C28=-1,0,IF(C28<=3,词条!F7,词条!G7)) -> 13 | F28: =IF(C28=-1,0,IF(路线!C6="计算",INT((C30/100)*路线!B11+D30*路线!B29+E28*路线!B15+E30+20),INT((C30/100)*路线!B11+D30*路线!B29+E28*路线!B15+E30))) -> 202 | G28: =IF(C28=-1,0,IF(路线!C6="计算",INT((C30/100)*路线!B12+D30*路线!B29+E28*路线!B18+E30+20),INT((C30/100)*路线!B12+D30*路线!B29+E28*路线!B18+E30))) -> 170 | H28: =IF(C28=-1,0,IF(路线!C6="计算",INT((C30/100)*路线!B13+D30*路线!B29+E28*路线!B21+E30+20),INT((C30/100)*路线!B13+D30*路线!B29+E28*路线!B21+E30))) -> 95 | M28: 4 | O28: =IF(M28=-1,0,IF(M28<=3,词条!C13,词条!D13)) -> 3 | P28: =IF(M28=-1,0,INT((M30/100)*路线!B11+N30*路线!B34+O28*路线!B24+O30)) -> 203 | Q28: =IF(M28=-1,0,INT((M30/100)*路线!B12+N30*路线!B34+O28*路线!B24+O30)) -> 184 | R28: =IF(M28=-1,0,INT((M30/100)*路线!B13+N30*路线!B34+O28*路线!B24+O30)) -> 148 | W28: 4 | Y28: =IF(W28=-1,0,IF(W28<=3,词条!C9,词条!D9)) -> 4 | Z28: =IF(W28=-1,0,INT((W30/100)*路线!B11+X30*路线!B15+Y28*(路线!B28+路线!B29)+Y30)) -> 200 | AA28: =IF(W28=-1,0,INT((W30/100)*路线!B12+X30*路线!B18+Y28*(路线!B28+路线!B29)+Y30)) -> 164 | AB28: =IF(W28=-1,0,INT((W30/100)*路线!B13+X30*路线!B21+Y28*(路线!B28+路线!B29)+Y30)) -> 77 | AG28: 4 | AI28: =IF(AG28=-1,0,IF(AG28<=3,词条!I7,词条!J7)) -> 13 | AJ28: =IF(AG28=-1,0,INT((AG30/100)*路线!B11+AH30+AI28*路线!B15+AI30)) -> 156 | AK28: =IF(AG28=-1,0,INT((AG30/100)*路线!B12+AH30+AI28*路线!B18+AI30)) -> 129 | AL28: =IF(AG28=-1,0,INT((AG30/100)*路线!B13+AH30+AI28*路线!B21+AI30)) -> 63 | AQ28: 4 | AS28: =IF(AQ28=-1,0,IF(AQ28<=3,词条!I6,词条!J6)) -> 4 | AT28: =IF(AQ28=-1,0,IF(路线!C6="计算",INT(AQ30+AR30*路线!B32+AS28*路线!B14+AS30+20),INT(AQ30+AR30*路线!B32+AS28*路线!B14+AS30))) -> 145 | AU28: =IF(AQ28=-1,0,IF(路线!C6="计算",INT(AQ30+AR30*路线!B32+AS28*路线!B17+AS30+20),INT(AQ30+AR30*路线!B32+AS28*路线!B17+AS30))) -> 141 | AV28: =IF(AQ28=-1,0,IF(路线!C6="计算",INT(AQ30+AR30*路线!B32+AS28*路线!B20+AS30+20),INT(AQ30+AR30*路线!B32+AS28*路线!B20+AS30))) -> 129 | BA28: 4 | BC28: =IF(BA28=-1,0,IF(BA28<=3,词条!I7,词条!J7)) -> 13 | BD28: =IF(BA28=-1,0,IF(路线!C6="计算",INT((BA30/100)*路线!B11+BB30+BC28*路线!B15+BC30+20),INT((BA30/100)*路线!B11+BB30+BC28*路线!B15+BC30))) -> 176 | BE28: =IF(BA28=-1,0,IF(路线!C6="计算",INT((BA30/100)*路线!B12+BB30+BC28*路线!B18+BC30+20),INT((BA30/100)*路线!B12+BB30+BC28*路线!B18+BC30))) -> 149 | BF28: =IF(BA28=-1,0,IF(路线!C6="计算",INT((BA30/100)*路线!B13+BB30+BC28*路线!B21+BC30+20),INT((BA30/100)*路线!B13+BB30+BC28*路线!B21+BC30))) -> 83
C29: 百分比 | D29: m强化 | E29: 事件 | M29: 百分比 | N29: 支给 | O29: 事件 | W29: 百分比 | X29: sp训练 | Y29: 事件 | AG29: 百分比 | AH29: 试验终了 | AI29: 事件 | AJ29: SP | AQ29: 基础值 | AR29: 休息 | AS29: 事件 | BA29: 百分比 | BB29: 试验终了 | BC29: 事件 | BD29: SP
C30: =IF(C28=-1,0,INDEX(词条!C4:G4,C28+1)) -> 8.5 | D30: =IF(C28=-1,0,IF(C28<=2,词条!F10,词条!G10)) -> 7 | E30: =IF(C28=-1,0,CHOOSE(C28+1,词条!C2,词条!D2,词条!D2,词条!D2,词条!E2)) -> 40 | F30: 感性 | M30: =IF(M28=-1,0,INDEX(词条!C4:G4,M28+1)) -> 8.5 | N30: =IF(M28=-1,0,IF(M28<=2,词条!C12,词条!D12)) -> 17 | O30: =IF(M28=-1,0,CHOOSE(M28+1,词条!C2,词条!D2,词条!D2,词条!D2,词条!E2)) -> 40 | P30: 通用 | W30: =IF(W28=-1,0,INDEX(词条!C4:G4,W28+1)) -> 8.5 | X30: =IF(W28=-1,0,IF(W28<=2,词条!C7,词条!D7)) -> 17 | Y30: =IF(W28=-1,0,CHOOSE(W28+1,词条!C2,词条!D2,词条!D2,词条!D2,词条!E2)) -> 40 | Z30: 通用 | AG30: =IF(AG28=-1,0,INDEX(词条!I4:M4,AG28+1)) -> 6.4 | AH30: =IF(AG28=-1,0,IF(AG28<=2,词条!I19,词条!J19)) -> 17 | AI30: =IF(AG28=-1,0,CHOOSE(AG28+1,词条!I2,词条!I2,词条!J2,词条!J2,词条!K2)) -> 30 | AJ30: 通用 | AQ30: =IF(AQ28=-1,0,INDEX(词条!I3:M3,AQ28+1)) -> 45 | AR30: =IF(AQ28=-1,0,IF(AQ28<=2,词条!I5,词条!J5)) -> 17 | AS30: =IF(AQ28=-1,0,CHOOSE(AQ28+1,词条!I2,词条!I2,词条!J2,词条!J2,词条!K2)) -> 30 | AT30: 感性 | BA30: =IF(BA28=-1,0,INDEX(词条!I4:M4,BA28+1)) -> 6.4 | BB30: =IF(BA28=-1,0,IF(BA28<=2,词条!I19,词条!J19)) -> 17 | BC30: =IF(BA28=-1,0,CHOOSE(BA28+1,词条!I2,词条!I2,词条!J2,词条!J2,词条!K2)) -> 30 | BD30: 通用
A32: 何やってるんだろう、（红再动） | K32: 晴れたね（蓝睡） | U32: あなたにも作ってあげる！（黄睡） | AE32: イヤホンはんぶんこ | AO32: どりゃぎゃ（矿泉水） | AW32: 道具属性 | AX32: 好调抓卡 | AY32: かちこちストレッチ（菲柱体前屈） | BG32: 道具属性 | BH32: 好印象抓卡
C33: 破数 | E33: 强化 | F33: 第一属性 | G33: 第二属性 | H33: 第三属性 | M33: 破数 | O33: 外出 | P33: 第一属性 | Q33: 第二属性 | R33: 第三属性 | W33: 破数 | Y33: 休息 | Z33: 第一属性 | AA33: 第二属性 | AB33: 第三属性 | AG33: 破数 | AI33: 休息 | AJ33: 第一属性 | AK33: 第二属性 | AL33: 第三属性 | AQ33: 破数 | AS33: 训练 | AT33: 第一属性 | AU33: 第二属性 | AV33: 第三属性 | AW33: =AX33*6 -> 60 | AX33: 10 | BA33: 破数 | BC33: sp训练 | BD33: 第一属性 | BE33: 第二属性 | BF33: 第三属性 | BG33: =BH33*6 -> 60 | BH33: 10
C34: 4 | E34: =IF(C34=-1,0,IF(C34<=3,词条!C9,词条!D9)) -> 4 | F34: =IF(C34=-1,0,INT(C36+D36*路线!B14+E34*(路线!B28+路线!B29)+E36)) -> 140 | G34: =IF(C34=-1,0,INT(C36+D36*路线!B17+E34*(路线!B28+路线!B29)+E36)) -> 134 | H34: =IF(C34=-1,0,INT(C36+D36*路线!B20+E34*(路线!B28+路线!B29)+E36)) -> 116 | M34: 4 | O34: =IF(M34=-1,0,IF(M34<=3,词条!C17,词条!D17)) -> 15 | P34: =IF(M34=-1,0,INT((M36/100)*路线!B11+N36*路线!B32+O34*路线!B31+O36)) -> 160 | Q34: =IF(M34=-1,0,INT((M36/100)*路线!B12+N36*路线!B32+O34*路线!B31+O36)) -> 141 | R34: =IF(M34=-1,0,INT((M36/100)*路线!B13+N36*路线!B32+O34*路线!B31+O36)) -> 105 | W34: 4 | Y34: =IF(W34=-1,0,IF(W34<=3,词条!C5,词条!D5)) -> 22 | Z34: =IF(W34=-1,0,INT(W36+X36*路线!B14+Y34*路线!B32+Y36)) -> 168 | AA34: =IF(W34=-1,0,INT(W36+X36*路线!B17+Y34*路线!B32+Y36)) -> 162 | AB34: =IF(W34=-1,0,INT(W36+X36*路线!B20+Y34*路线!B32+Y36)) -> 144 | AG34: 4 | AI34: =IF(AG34=-1,0,IF(AG34<=3,词条!I5,词条!J5)) -> 17 | AJ34: =IF(AG34=-1,0,IF(路线!C6="计算",INT(AG36+AH36*路线!B31+AI34*路线!B32+AI36+20),INT(AG36+AH36*路线!B31+AI34*路线!B32+AI36))) -> 129 | AK34: =IF(AG34=-1,0,IF(路线!C6="计算",INT(AG36+AH36*路线!B31+AI34*路线!B32+AI36+20),INT(AG36+AH36*路线!B31+AI34*路线!B32+AI36))) -> 129 | AL34: =IF(AG34=-1,0,IF(路线!C6="计算",INT(AG36+AH36*路线!B31+AI34*路线!B32+AI36+20),INT(AG36+AH36*路线!B31+AI34*路线!B32+AI36))) -> 129 | AQ34: 4 | AS34: =IF(AQ34=-1,0,IF(AQ34<=3,词条!I6,词条!J6)) -> 4 | AT34: =IF(AQ34=-1,0,INT(AQ36+AR36*路线!B34+AS34*路线!B14+AS36)) -> 124 | AU34: =IF(AQ34=-1,0,INT(AQ36+AR36*路线!B34+AS34*路线!B17+AS36)) -> 120 | AV34: =IF(AQ34=-1,0,INT(AQ36+AR36*路线!B34+AS34*路线!B20+AS36)) -> 108 | AW34: =AT34+AW33 -> 184 | BA34: 4 | BC34: =IF(BA34=-1,0,IF(BA34<=3,词条!I7,词条!J7)) -> 13 | BD34: =IF(BA34=-1,0,INT((BA36/100)*路线!B11+BB36*路线!B33+BC34*路线!B15+BC36)) -> 171 | BE34: =IF(BA34=-1,0,INT((BA36/100)*路线!B12+BB36*路线!B33+BC34*路线!B18+BC36)) -> 144 | BF34: =IF(BA34=-1,0,INT((BA36/100)*路线!B13+BB36*路线!B33+BC34*路线!B21+BC36)) -> 78 | BG34: =BD34+BG33 -> 231
C35: 基础值 | D35: 训练 | E35: 事件 | F35: SP | M35: 百分比 | N35: 休息 | O35: 事件 | W35: 基础值 | X35: 训练 | Y35: 事件 | AG35: 基础值 | AH35: 外出 | AI35: 事件 | AQ35: 基础值 | AR35: 支给 | AS35: 事件 | AT35: SP | AW35: =AU34+AW33 -> 180 | BA35: 百分比 | BB35: 相谈 | BC35: 事件 | BG35: =BE34+BG33 -> 204
C36: =IF(C34=-1,0,INDEX(词条!C3:G3,C34+1)) -> 60 | D36: =IF(C34=-1,0,IF(C34<=2,词条!C6,词条!D6)) -> 6 | E36: =IF(C34=-1,0,CHOOSE(C34+1,词条!C2,词条!D2,词条!D2,词条!D2,词条!E2)) -> 40 | F36: 通用 | M36: =IF(M34=-1,0,INDEX(词条!C4:G4,M34+1)) -> 8.5 | N36: =IF(M34=-1,0,IF(M34<=2,词条!C5,词条!D5)) -> 22 | O36: =IF(M34=-1,0,CHOOSE(M34+1,词条!C2,词条!D2,词条!D2,词条!D2,词条!E2)) -> 40 | P36: 通用 | W36: =IF(W34=-1,0,INDEX(词条!C3:G3,W34+1)) -> 60 | X36: =IF(W34=-1,0,IF(W34<=2,词条!C6,词条!D6)) -> 6 | Y36: =IF(W34=-1,0,CHOOSE(W34+1,词条!C2,词条!D2,词条!D2,词条!D2,词条!E2)) -> 40 | Z36: 通用 | AG36: =IF(AG34=-1,0,INDEX(词条!I3:M3,AG34+1)) -> 45 | AH36: =IF(AG34=-1,0,IF(AG34<=2,词条!I17,词条!J17)) -> 10 | AI36: =IF(AG34=-1,0,CHOOSE(AG34+1,词条!I2,词条!I2,词条!J2,词条!J2,词条!K2)) -> 30 | AJ36: 理性 | AQ36: =IF(AQ34=-1,0,INDEX(词条!I3:M3,AQ34+1)) -> 45 | AR36: =IF(AQ34=-1,0,IF(AQ34<=2,词条!I12,词条!J12)) -> 11 | AS36: =IF(AQ34=-1,0,CHOOSE(AQ34+1,词条!I2,词条!I2,词条!J2,词条!J2,词条!K2)) -> 30 | AT36: 感性 | AW36: =AV34+AW33 -> 168 | BA36: =IF(BA34=-1,0,INDEX(词条!I4:M4,BA34+1)) -> 6.4 | BB36: =IF(BA34=-1,0,IF(BA34<=2,词条!I18,词条!J18)) -> 8 | BC36: =IF(BA34=-1,0,CHOOSE(BA34+1,词条!I2,词条!I2,词条!J2,词条!J2,词条!K2)) -> 30 | BD36: 理性 | BG36: =BF34+BG33 -> 138
A38: まだ上がりませんように！（撑伞） | K38: もうっ！ 冷たいよ！（蓝喷水） | U38: 第2回教室パーティー！（一年一班） | AE38: 海、楽しまなきゃ！（sr红睡） | AM38: 道具属性 | AN38: 干劲抓卡 | AO38: ふわふわなお面？（小熊） | AY38: やさしさ、あったかい（白毛哭哭）
C39: 破数 | E39: m强化 | F39: 第一属性 | G39: 第二属性 | H39: 第三属性 | M39: 破数 | O39: 试验终了 | P39: 第一属性 | Q39: 第二属性 | R39: 第三属性 | W39: 破数 | Y39: 试验终了 | Z39: 第一属性 | AA39: 第二属性 | AB39: 第三属性 | AG39: 破数 | AJ39: 第一属性 | AK39: 第二属性 | AL39: 第三属性 | AM39: =AN39*6 -> 60 | AN39: 10 | AQ39: 破数 | AS39: sp训练 | AT39: 第一属性 | AU39: 第二属性 | AV39: 第三属性 | BA39: 破数 | BC39: 训练 | BD39: 第一属性 | BE39: 第二属性 | BF39: 第三属性
C40: 4 | E40: =IF(C40=-1,0,IF(C40<=3,词条!C10,词条!D11)) -> 9 | F40: =IF(C40=-1,0,IF(路线!C6="计算",INT((C42/100)*路线!B11+D42*路线!B15+E40*路线!B29+E42+20),INT((C42/100)*路线!B11+D42*路线!B15+E40*路线!B29+E42))) -> 222 | G40: =IF(C40=-1,0,IF(路线!C6="计算",INT((C42/100)*路线!B12+D42*路线!B18+E40*路线!B29+E42+20),INT((C42/100)*路线!B12+D42*路线!B18+E40*路线!B29+E42))) -> 186 | H40: =IF(C40=-1,0,IF(路线!C6="计算",INT((C42/100)*路线!B13+D42*路线!B21+E40*路线!B29+E42+20),INT((C42/100)*路线!B13+D42*路线!B21+E40*路线!B29+E42))) -> 99 | M40: 4 | O40: =IF(M40=-1,0,IF(M40<=3,词条!C19,词条!D19)) -> 22 | P40: =IF(M40=-1,0,INT(M42+N42*路线!B15+O40+O42)) -> 190 | Q40: =IF(M40=-1,0,INT(M42+N42*路线!B18+O40+O42)) -> 173 | R40: =IF(M40=-1,0,INT(M42+N42*路线!B21+O40+O42)) -> 122 | W40: 4 | Y40: =IF(W40=-1,0,IF(W40<=3,词条!F19,词条!G19)) -> 17 | Z40: =IF(W40=-1,0,IF(路线!C6="计算",INT(W42+X42*路线!B14+Y40+Y42+20),INT(W42+X42*路线!B14+Y40+Y42))) -> 153 | AA40: =IF(W40=-1,0,IF(路线!C6="计算",INT(W42+X42*路线!B17+Y40+Y42+20),INT(W42+X42*路线!B17+Y40+Y42))) -> 149 | AB40: =IF(W40=-1,0,IF(路线!C6="计算",INT(W42+X42*路线!B20+Y40+Y42+20),INT(W42+X42*路线!B20+Y40+Y42))) -> 137 | AG40: 4 | AJ40: =IF(AG40=-1,0,INT(AG42+AH42*路线!B32+AI42)) -> 109 | AK40: =IF(AG40=-1,0,INT(AG42+AH42*路线!B32+AI42)) -> 109 | AL40: =IF(AG40=-1,0,INT(AG42+AH42*路线!B32+AI42)) -> 109 | AM40: =AJ40+AM39 -> 169 | AQ40: 4 | AS40: =IF(AQ40=-1,0,IF(AQ40<=3,词条!I7,词条!J7)) -> 13 | AT40: =IF(AQ40=-1,0,INT(AQ42+AR42*路线!B31+AS40*路线!B15+AS42)) -> 127 | AU40: =IF(AQ40=-1,0,INT(AQ42+AR42*路线!B31+AS40*路线!B18+AS42)) -> 114 | AV40: =IF(AQ40=-1,0,INT(AQ42+AR42*路线!B31+AS40*路线!B21+AS42)) -> 75 | BA40: 4 | BC40: =IF(BA40=-1,0,IF(BA40<=3,词条!I6,词条!J6)) -> 4 | BD40: =IF(BA40=-1,0,IF(路线!C6="计算",INT(BA42+BB42*路线!B31+BC40*路线!B14+BC42+20),INT(BA42+BB42*路线!B31+BC40*路线!B14+BC42))) -> 111 | BE40: =IF(BA40=-1,0,IF(路线!C6="计算",INT(BA42+BB42*路线!B31+BC40*路线!B17+BC42+20),INT(BA42+BB42*路线!B31+BC40*路线!B17+BC42))) -> 107 | BF40: =IF(BA40=-1,0,IF(路线!C6="计算",INT(BA42+BB42*路线!B31+BC40*路线!B20+BC42+20),INT(BA42+BB42*路线!B31+BC40*路线!B20+BC42))) -> 95
C41: 百分比 | D41: sp训练 | E41: 事件 | M41: 基础值 | N41: sp训练 | O41: 事件 | P41: SP | W41: 基础值 | X41: 训练 | Y41: 事件 | Z41: SP | AG41: 基础值 | AH41: 休息 | AI41: 事件 | AM41: =AK40+AM39 -> 169 | AQ41: 基础值 | AR41: 外出 | AS41: 事件 | AT41: SP | BA41: 基础值 | BB41: 外出 | BC41: 事件
C42: =IF(C40=-1,0,INDEX(词条!C4:G4,C40+1)) -> 8.5 | D42: =IF(C40=-1,0,IF(C40<=2,词条!C7,词条!D7)) -> 17 | E42: =IF(C40=-1,0,CHOOSE(C40+1,词条!C2,词条!D2,词条!D2,词条!D2,词条!E2)) -> 40 | F42: 通用 | M42: =IF(M40=-1,0,INDEX(词条!C3:G3,M40+1)) -> 60 | N42: =IF(M40=-1,0,IF(M40<=2,词条!C7,词条!D7)) -> 17 | O42: =IF(M40=-1,0,CHOOSE(M40+1,词条!C2,词条!D2,词条!D2,词条!D2,词条!E2)) -> 40 | P42: 理性 | W42: =IF(W40=-1,0,INDEX(词条!C3:G3,W40+1)) -> 60 | X42: =IF(W40=-1,0,IF(W40<=3,词条!F6,词条!G6)) -> 4 | Y42: =IF(W40=-1,0,CHOOSE(W40+1,词条!C2,词条!D2,词条!D2,词条!D2,词条!E2)) -> 40 | Z42: 通用 | AG42: =IF(AG40=-1,0,INDEX(词条!I3:M3,AG40+1)) -> 45 | AH42: =IF(AG40=-1,0,IF(AG40<=2,词条!I5,词条!J5)) -> 17 | AI42: =IF(AG40=-1,0,CHOOSE(AG40+1,词条!I2,词条!I2,词条!J2,词条!J2,词条!K2)) -> 30 | AJ42: 理性 | AM42: =AL40+AM39 -> 169 | AQ42: =IF(AQ40=-1,0,INDEX(词条!I3:M3,AQ40+1)) -> 45 | AR42: =IF(AQ40=-1,0,IF(AQ40<=2,词条!I17,词条!J17)) -> 10 | AS42: =IF(AQ40=-1,0,CHOOSE(AQ40+1,词条!I2,词条!I2,词条!J2,词条!J2,词条!K2)) -> 30 | AT42: 通用 | BA42: =IF(BA40=-1,0,INDEX(词条!I3:M3,BA40+1)) -> 45 | BB42: =IF(BA40=-1,0,IF(BA40<=2,词条!I17,词条!J17)) -> 10 | BC42: =IF(BA40=-1,0,CHOOSE(BA40+1,词条!I2,词条!I2,词条!J2,词条!J2,词条!K2)) -> 30 | BD42: 感性
A44: 一時休戦です（一时休战） | K44: 夏を満喫するわよ！（水枪） | U44: 「ア」じゃなくて「エ」！（黄补课） | AE44: 第五種接近遭遇（电风扇） | AM44: 道具属性 | AN44: 集中抓卡 | AO44: キュっと締めて（sr蓝购物） | AY44: りっぱなすすき！（麦穗）
C45: 破数 | E45: 支给 | F45: 第一属性 | G45: 第二属性 | H45: 第三属性 | M45: 破数 | N45: m强化 | O45: 营业 | P45: 第一属性 | Q45: 第二属性 | R45: 第三属性 | W45: 破数 | Y45: 抓m卡 | Z45: 第一属性 | AA45: 第二属性 | AB45: 第三属性 | AG45: 破数 | AI45: 训练 | AJ45: 第一属性 | AK45: 第二属性 | AL45: 第三属性 | AM45: =AN45*6 -> 60 | AN45: 10 | AQ45: 破数 | AS45: 训练 | AT45: 第一属性 | AU45: 第二属性 | AV45: 第三属性 | BA45: 破数 | BB45: 外出 | BC45: sp训练 | BD45: 第一属性 | BE45: 第二属性 | BF45: 第三属性
C46: 4 | E46: =IF(C46=-1,0,IF(C46<=3,词条!C12,词条!D12)) -> 17 | F46: =IF(C46=-1,0,IF(路线!C6="计算",INT((C48/100)*路线!B11+D48*路线!B15+E46*路线!B34+E48+20),INT((C48/100)*路线!B11+D48*路线!B15+E46*路线!B34+E48))) -> 255 | G46: =IF(C46=-1,0,IF(路线!C6="计算",INT((C48/100)*路线!B12+D48*路线!B18+E46*路线!B34+E48+20),INT((C48/100)*路线!B12+D48*路线!B18+E46*路线!B34+E48))) -> 219 | H46: =IF(C46=-1,0,IF(路线!C6="计算",INT((C48/100)*路线!B13+D48*路线!B21+E46*路线!B34+E48+20),INT((C48/100)*路线!B13+D48*路线!B21+E46*路线!B34+E48))) -> 132 | M46: 4 | N46: =IF(M46=-1,0,IF(M46<=1,词条!C10,词条!D11)) -> 9 | O46: =IF(M46=-1,0,IF(M46<=3,词条!C16,词条!D16)) -> 7 | P46: =IF(M46=-1,0,INT((M48/100)*路线!B11+N46*路线!B29+N48*路线!B15+O46*路线!B30+O48)) -> 251 | Q46: =IF(M46=-1,0,INT((M48/100)*路线!B12+N46*路线!B29+N48*路线!B18+O46*路线!B30+O48)) -> 215 | R46: =IF(M46=-1,0,INT((M48/100)*路线!B13+N46*路线!B29+N48*路线!B21+O46*路线!B30+O48)) -> 128 | W46: 4 | Y46: =IF(W46=-1,0,IF(W46<=3,词条!C13,词条!D13)) -> 3 | Z46: =IF(W46=-1,0,IF(路线!C6="计算",INT(W48+X48*路线!B14+Y46*路线!B24+Y48+20),INT(W48+X48*路线!B14+Y46*路线!B24+Y48))) -> 180 | AA46: =IF(W46=-1,0,IF(路线!C6="计算",INT(W48+X48*路线!B17+Y46*路线!B24+Y48+20),INT(W48+X48*路线!B17+Y46*路线!B24+Y48))) -> 174 | AB46: =IF(W46=-1,0,IF(路线!C6="计算",INT(W48+X48*路线!B20+Y46*路线!B24+Y48+20),INT(W48+X48*路线!B20+Y46*路线!B24+Y48))) -> 156 | AG46: 4 | AI46: =IF(AG46=-1,0,IF(AG46<=3,词条!I6,词条!J6)) -> 4 | AJ46: =IF(AG46=-1,0,INT((AG48/100)*路线!B11+AH48*路线!B33+AI46*路线!B14+AI48)) -> 135 | AK46: =IF(AG46=-1,0,INT((AG48/100)*路线!B12+AH48*路线!B33+AI46*路线!B17+AI48)) -> 117 | AL46: =IF(AG46=-1,0,INT((AG48/100)*路线!B13+AH48*路线!B33+AI46*路线!B20+AI48)) -> 78 | AM46: =AJ46+AM45 -> 195 | AQ46: 4 | AS46: =IF(AQ46=-1,0,IF(AQ46<=3,词条!I6,词条!J6)) -> 4 | AT46: =IF(AQ46=-1,0,INT(AQ48+AR48*路线!B39+AS46*路线!B14+AS48)) -> 107 | AU46: =IF(AQ46=-1,0,INT(AQ48+AR48*路线!B39+AS46*路线!B17+AS48)) -> 103 | AV46: =IF(AQ46=-1,0,INT(AQ48+AR48*路线!B39+AS46*路线!B20+AS48)) -> 91 | BA46: 4 | BB46: =IF(BA46=-1,0,IF(BA46=0,词条!I17,词条!J17)) -> 10 | BC46: =IF(BA46=-1,0,IF(BA46<=3,词条!I7,词条!J7)) -> 13 | BD46: =IF(BA46=-1,0,INT(BA48+BB46*路线!B31+BB48*路线!B34+BC46*路线!B15+BC48)) -> 160 | BE46: =IF(BA46=-1,0,INT(BA48+BB46*路线!B31+BB48*路线!B34+BC46*路线!B18+BC48)) -> 147 | BF46: =IF(BA46=-1,0,INT(BA48+BB46*路线!B31+BB48*路线!B34+BC46*路线!B21+BC48)) -> 108
C47: 百分比 | D47: sp训练 | E47: 事件 | M47: 百分比 | N47: sp训练 | O47: 事件 | W47: 基础值 | X47: 训练 | Y47: 事件 | Z47: SP | AG47: 百分比 | AH47: 相谈 | AI47: 事件 | AM47: =AK46+AM45 -> 177 | AQ47: 基础值 | AR47: 相谈饮料 | AS47: 事件 | BA47: 基础值 | BB47: 支给 | BC47: 事件
C48: =IF(C46=-1,0,INDEX(词条!C4:G4,C46+1)) -> 8.5 | D48: =IF(C46=-1,0,IF(C46<=2,词条!C7,词条!D7)) -> 17 | E48: =IF(C46=-1,0,CHOOSE(C46+1,词条!C2,词条!D2,词条!D2,词条!D2,词条!E2)) -> 40 | F48: 感性 | M48: =IF(M46=-1,0,INDEX(词条!C4:G4,M46+1)) -> 8.5 | N48: =IF(M46=-1,0,IF(M46<=2,词条!C7,词条!D7)) -> 17 | O48: =IF(M46=-1,0,CHOOSE(M46+1,词条!C2,词条!D2,词条!D2,词条!D2,词条!E2)) -> 40 | P48: 理性 | W48: =IF(W46=-1,0,INDEX(词条!C3:G3,W46+1)) -> 60 | X48: =IF(W46=-1,0,IF(W46<=2,词条!C6,词条!D6)) -> 6 | Y48: =IF(W46=-1,0,CHOOSE(W46+1,词条!C2,词条!D2,词条!D2,词条!D2,词条!E2)) -> 40 | Z48: 理性 | AG48: =IF(AG46=-1,0,INDEX(词条!I4:M4,AG46+1)) -> 6.4 | AH48: =IF(AG46=-1,0,IF(AG46<=2,词条!I18,词条!J18)) -> 8 | AI48: =IF(AG46=-1,0,CHOOSE(AG46+1,词条!I2,词条!I2,词条!J2,词条!J2,词条!K2)) -> 30 | AJ48: 感性 | AM48: =AL46+AM45 -> 138 | AQ48: =IF(AQ46=-1,0,INDEX(词条!I3:M3,AQ46+1)) -> 45 | AR48: =IF(AQ46=-1,0,IF(AQ46<=2,词条!I20,词条!J20)) -> 8 | AS48: =IF(AQ46=-1,0,CHOOSE(AQ46+1,词条!I2,词条!I2,词条!J2,词条!J2,词条!K2)) -> 30 | AT48: 感性 | BA48: =IF(BA46=-1,0,INDEX(词条!I3:M3,BA46+1)) -> 45 | BB48: =IF(BA46=-1,0,IF(BA46<=2,词条!I12,词条!J12)) -> 11 | BC48: =IF(BA46=-1,0,CHOOSE(BA46+1,词条!I2,词条!I2,词条!J2,词条!J2,词条!K2)) -> 30 | BD48: 理性
A50: 夏を楽しみましょう！（红购物） | K50: あっちも行きたいですわ！（大饮料） | U50: 花火、やりませんか……？（花火） | AE50: ブレイクタイムは珈琲で（sr红购物） | AO50: 千奈の恩返し（恩返） | AY50: SSDのひみつ（悄悄话）
C51: 破数 | E51: 相谈饮料 | F51: 第一属性 | G51: 第二属性 | H51: 第三属性 | M51: 破数 | O51: 抓a卡 | P51: 第一属性 | Q51: 第二属性 | R51: 第三属性 | W51: 破数 | X51: 抓a卡 | Y51: 相谈 | Z51: 第一属性 | AA51: 第二属性 | AB51: 第三属性 | AG51: 破数 | AI51: 训练 | AJ51: 第一属性 | AK51: 第二属性 | AL51: 第三属性 | AQ51: 破数 | AR51: 删卡 | AS51: sp训练 | AT51: 第一属性 | AU51: 第二属性 | AV51: 第三属性 | BA51: 破数 | BC51: sp训练 | BD51: 第一属性 | BE51: 第二属性 | BF51: 第三属性
C52: 4 | E52: =IF(C52=-1,0,IF(C52<=3,词条!C20,词条!D20)) -> 11 | F52: =IF(C52=-1,0,INT((C54/100)*路线!B11+D54*路线!B15+E52*路线!B39+E54)) -> 206 | G52: =IF(C52=-1,0,INT((C54/100)*路线!B12+D54*路线!B18+E52*路线!B39+E54)) -> 170 | H52: =IF(C52=-1,0,INT((C54/100)*路线!B13+D54*路线!B21+E52*路线!B39+E54)) -> 83 | M52: 4 | O52: =IF(M52=-1,0,IF(M52<=3,词条!C14,词条!D14)) -> 3 | P52: =IF(M52=-1,0,INT(M54+N54*路线!B15+O52*路线!B23+O54)) -> 198 | Q52: =IF(M52=-1,0,INT(M54+N54*路线!B18+O52*路线!B23+O54)) -> 181 | R52: =IF(M52=-1,0,INT(M54+N54*路线!B21+O52*路线!B23+O54)) -> 130 | W52: 4 | X52: =IF(W52=-1,0,IF(W52<=1,词条!C14,词条!D14)) -> 3 | Y52: =IF(W52=-1,0,IF(W52<=3,词条!C18,词条!D18)) -> 11 | Z52: =IF(W52=-1,0,IF(路线!C6="计算",INT((W54/100)*路线!B11+X52*路线!B23+X54*路线!B15+Y52*路线!B33+Y54+20),INT((W54/100)*路线!B11+X52*路线!B23+X54*路线!B15+Y52*路线!B33+Y54))) -> 278 | AA52: =IF(W52=-1,0,IF(路线!C6="计算",INT((W54/100)*路线!B12+X52*路线!B23+X54*路线!B18+Y52*路线!B33+Y54+20),INT((W54/100)*路线!B12+X52*路线!B23+X54*路线!B18+Y52*路线!B33+Y54))) -> 242 | AB52: =IF(W52=-1,0,IF(路线!C6="计算",INT((W54/100)*路线!B13+X52*路线!B23+X54*路线!B21+Y52*路线!B33+Y54+20),INT((W54/100)*路线!B13+X52*路线!B23+X54*路线!B21+Y52*路线!B33+Y54))) -> 155 | AG52: 4 | AI52: =IF(AG52=-1,0,IF(AG52<=3,词条!I6,词条!J6)) -> 4 | AJ52: =IF(AG52=-1,0,INT(AG54+AH54*路线!B39+AI52*路线!B14+AI54)) -> 107 | AK52: =IF(AG52=-1,0,INT(AG54+AH54*路线!B39+AI52*路线!B17+AI54)) -> 103 | AL52: =IF(AG52=-1,0,INT(AG54+AH54*路线!B39+AI52*路线!B20+AI54)) -> 91 | AQ52: 4 | AR52: =IF(AQ52=-1,0,IF(AQ52=0,词条!I22,词条!J22)) -> 8 | AS52: =IF(AQ52=-1,0,IF(AQ52<=3,词条!I7,词条!J7)) -> 13 | AT52: =IF(AQ52=-1,0,INT((AQ54/100)*路线!B11+AR52*路线!B35+AR54*路线!B34+AS52*路线!B15+AS54)) -> 252 | AU52: =IF(AQ52=-1,0,INT((AQ54/100)*路线!B12+AR52*路线!B35+AR54*路线!B34+AS52*路线!B18+AS54)) -> 225 | AV52: =IF(AQ52=-1,0,INT((AQ54/100)*路线!B13+AR52*路线!B35+AR54*路线!B34+AS52*路线!B21+AS54)) -> 159 | BA52: 4 | BC52: =IF(BA52=-1,0,IF(BA52<=3,词条!I7,词条!J7)) -> 13 | BD52: =IF(BA52=-1,0,INT(BA54+BB54*路线!B34+BC52*路线!B15+BC54)) -> 160 | BE52: =IF(BA52=-1,0,INT(BA54+BB54*路线!B34+BC52*路线!B18+BC54)) -> 147 | BF52: =IF(BA52=-1,0,INT(BA54+BB54*路线!B34+BC52*路线!B21+BC54)) -> 108
C53: 百分比 | D53: sp训练 | E53: 事件 | M53: 基础值 | N53: sp训练 | O53: 事件 | P53: SP | W53: 百分比 | X53: sp训练 | Y53: 事件 | AG53: 基础值 | AH53: 相谈饮料 | AI53: 事件 | AQ53: 百分比 | AR53: 支给 | AS53: 事件 | BA53: 基础值 | BB53: 支给 | BC53: 事件 | BD53: SP
C54: =IF(C52=-1,0,INDEX(词条!C4:G4,C52+1)) -> 8.5 | D54: =IF(C52=-1,0,IF(C52<=2,词条!C7,词条!D7)) -> 17 | E54: =IF(C52=-1,0,CHOOSE(C52+1,词条!C2,词条!D2,词条!D2,词条!D2,词条!E2)) -> 40 | F54: 感性 | M54: =IF(M52=-1,0,INDEX(词条!C3:G3,M52+1)) -> 60 | N54: =IF(M52=-1,0,IF(M52<=2,词条!C7,词条!D7)) -> 17 | O54: =IF(M52=-1,0,CHOOSE(M52+1,词条!C2,词条!D2,词条!D2,词条!D2,词条!E2)) -> 40 | P54: 感性 | W54: =IF(W52=-1,0,INDEX(词条!C4:G4,W52+1)) -> 8.5 | X54: =IF(W52=-1,0,IF(W52<=2,词条!C7,词条!D7)) -> 17 | Y54: =IF(W52=-1,0,CHOOSE(W52+1,词条!C2,词条!D2,词条!D2,词条!D2,词条!E2)) -> 40 | Z54: 感性 | AG54: =IF(AG52=-1,0,INDEX(词条!I3:M3,AG52+1)) -> 45 | AH54: =IF(AG52=-1,0,IF(AG52<=2,词条!I20,词条!J20)) -> 8 | AI54: =IF(AG52=-1,0,CHOOSE(AG52+1,词条!I2,词条!I2,词条!J2,词条!J2,词条!K2)) -> 30 | AJ54: 理性 | AQ54: =IF(AQ52=-1,0,INDEX(词条!I4:M4,AQ52+1)) -> 6.4 | AR54: =IF(AQ52=-1,0,IF(AQ52<=2,词条!I12,词条!J12)) -> 11 | AS54: =IF(AQ52=-1,0,CHOOSE(AQ52+1,词条!I2,词条!I2,词条!J2,词条!J2,词条!K2)) -> 30 | AT54: 理性 | BA54: =IF(BA52=-1,0,INDEX(词条!I3:M3,BA52+1)) -> 45 | BB54: =IF(BA52=-1,0,IF(BA52<=2,词条!I12,词条!J12)) -> 11 | BC54: =IF(BA52=-1,0,CHOOSE(BA52+1,词条!I2,词条!I2,词条!J2,词条!J2,词条!K2)) -> 30 | BD54: 理性
A56: 1人たりとも欠ける事なく（一年二班） | K56: 似合うんじゃない？（气球） | U56: ゆっくりと過ごしましょう（黄购物） | AE56: 興味深い飲み物（姐汁） | AO56: トンボをつかまえて（小秋见） | AY56: サンマ、パタパタ（千奈做饭）
C57: 破数 | E57: 相谈 | F57: 第一属性 | G57: 第二属性 | H57: 第三属性 | M57: 破数 | O57: 外出 | P57: 第一属性 | Q57: 第二属性 | R57: 第三属性 | W57: 破数 | Y57: 相谈饮料 | Z57: 第一属性 | AA57: 第二属性 | AB57: 第三属性 | AG57: 破数 | AI57: sp训练 | AJ57: 第一属性 | AK57: 第二属性 | AL57: 第三属性 | AQ57: 破数 | AR57: 强化 | AS57: sp训练 | AT57: 第一属性 | AU57: 第二属性 | AV57: 第三属性 | BA57: 破数 | BC57: sp训练 | BD57: 第一属性 | BE57: 第二属性 | BF57: 第三属性
C58: 4 | E58: =IF(C58=-1,0,IF(C58<=3,词条!F18,词条!G18)) -> 8 | F58: =IF(C58=-1,0,INT(C60+E58*路线!B33+E60)) -> 132 | G58: =IF(C58=-1,0,INT(C60+E58*路线!B33+E60)) -> 132 | H58: =IF(C58=-1,0,INT(C60+E58*路线!B33+E60)) -> 132 | M58: 4 | O58: =IF(M58=-1,0,IF(M58<=3,词条!C17,词条!D17)) -> 15 | P58: =IF(M58=-1,0,INT((M60/100)*路线!B11+N60*路线!B15+O58*路线!B31+O60)) -> 184 | Q58: =IF(M58=-1,0,INT((M60/100)*路线!B12+N60*路线!B18+O58*路线!B31+O60)) -> 148 | R58: =IF(M58=-1,0,INT((M60/100)*路线!B13+N60*路线!B21+O58*路线!B31+O60)) -> 61 | W58: 4 | Y58: =IF(W58=-1,0,IF(W58<=3,词条!C20,词条!D20)) -> 11 | Z58: =IF(W58=-1,0,IF(路线!C6="计算",INT(W60+X60*路线!B15+Y58*路线!B39+Y60+20),INT(W60+X60*路线!B15+Y58*路线!B39+Y60))) -> 210 | AA58: =IF(W58=-1,0,IF(路线!C6="计算",INT(W60+X60*路线!B18+Y58*路线!B39+Y60+20),INT(W60+X60*路线!B18+Y58*路线!B39+Y60))) -> 193 | AB58: =IF(W58=-1,0,IF(路线!C6="计算",INT(W60+X60*路线!B21+Y58*路线!B39+Y60+20),INT(W60+X60*路线!B21+Y58*路线!B39+Y60))) -> 142 | AG58: 4 | AI58: =IF(AG58=-1,0,IF(AG58<=3,词条!I7,词条!J7)) -> 13 | AJ58: =IF(AG58=-1,0,IF(路线!C6="计算",INT(AG60+AH60*路线!B30+AI58*路线!B15+AI60+20),INT(AG60+AH60*路线!B30+AI58*路线!B15+AI60))) -> 182 | AK58: =IF(AG58=-1,0,IF(路线!C6="计算",INT(AG60+AH60*路线!B30+AI58*路线!B18+AI60+20),INT(AG60+AH60*路线!B30+AI58*路线!B18+AI60))) -> 169 | AL58: =IF(AG58=-1,0,IF(路线!C6="计算",INT(AG60+AH60*路线!B30+AI58*路线!B21+AI60+20),INT(AG60+AH60*路线!B30+AI58*路线!B21+AI60))) -> 130 | AQ58: 4 | AR58: =IF(AQ58=-1,0,IF(AQ58=0,词条!I9,词条!J9)) -> 3 | AS58: =IF(AQ58=-1,0,IF(AQ58<=3,词条!I7,词条!J7)) -> 13 | AT58: =IF(AQ58=-1,0,INT((AQ60/100)*路线!B11+AR58*(路线!B28+路线!B29)+AR60+AS58*路线!B15+AS60)) -> 168 | AU58: =IF(AQ58=-1,0,INT((AQ60/100)*路线!B12+AR58*(路线!B28+路线!B29)+AR60+AS58*路线!B18+AS60)) -> 141 | AV58: =IF(AQ58=-1,0,INT((AQ60/100)*路线!B13+AR58*(路线!B28+路线!B29)+AR60+AS58*路线!B21+AS60)) -> 75 | BA58: 4 | BC58: =IF(BA58=-1,0,IF(BA58<=3,词条!I7,词条!J7)) -> 13 | BD58: =IF(BA58=-1,0,IF(路线!C6="计算",INT(BA60+BB60*(路线!B28+路线!B29)+BC58*路线!B15+BC60+20),INT(BA60+BB60*(路线!B28+路线!B29)+BC58*路线!B15+BC60))) -> 159 | BE58: =IF(BA58=-1,0,IF(路线!C6="计算",INT(BA60+BB60*(路线!B28+路线!B29)+BC58*路线!B18+BC60+20),INT(BA60+BB60*(路线!B28+路线!B29)+BC58*路线!B18+BC60))) -> 146 | BF58: =IF(BA58=-1,0,IF(路线!C6="计算",INT(BA60+BB60*(路线!B28+路线!B29)+BC58*路线!B21+BC60+20),INT(BA60+BB60*(路线!B28+路线!B29)+BC58*路线!B21+BC60))) -> 107
C59: 基础值 | E59: 事件 | F59: SP | M59: 百分比 | N59: sp训练 | O59: 事件 | W59: 基础值 | X59: sp训练 | Y59: 事件 | AG59: 基础值 | AH59: 营业 | AI59: 事件 | AJ59: SP | AQ59: 百分比 | AR59: 试验终了 | AS59: 事件 | BA59: 基础值 | BB59: 强化 | BC59: 事件
C60: =IF(C58=-1,0,INDEX(词条!C3:G3,C58+1)) -> 60 | E60: =IF(C58=-1,0,CHOOSE(C58+1,词条!C2,词条!D2,词条!D2,词条!D2,词条!E2)) -> 40 | F60: 通用 | M60: =IF(M58=-1,0,INDEX(词条!C4:G4,M58+1)) -> 8.5 | N60: =IF(M58=-1,0,IF(M58<=2,词条!C7,词条!D7)) -> 17 | O60: =IF(M58=-1,0,CHOOSE(M58+1,词条!C2,词条!D2,词条!D2,词条!D2,词条!E2)) -> 40 | P60: 理性 | W60: =IF(W58=-1,0,INDEX(词条!C3:G3,W58+1)) -> 60 | X60: =IF(W58=-1,0,IF(W58<=2,词条!C7,词条!D7)) -> 17 | Y60: =IF(W58=-1,0,CHOOSE(W58+1,词条!C2,词条!D2,词条!D2,词条!D2,词条!E2)) -> 40 | Z60: 理性 | AG60: =IF(AG58=-1,0,INDEX(词条!I3:M3,AG58+1)) -> 45 | AH60: =IF(AG58=-1,0,IF(AG58<=2,词条!I16,词条!J16)) -> 5 | AI60: =IF(AG58=-1,0,CHOOSE(AG58+1,词条!I2,词条!I2,词条!J2,词条!J2,词条!K2)) -> 30 | AJ60: 感性 | AQ60: =IF(AQ58=-1,0,INDEX(词条!I4:M4,AQ58+1)) -> 6.4 | AR60: =IF(AQ58=-1,0,IF(AQ58<=2,词条!I19,词条!J19)) -> 17 | AS60: =IF(AQ58=-1,0,CHOOSE(AQ58+1,词条!I2,词条!I2,词条!J2,词条!J2,词条!K2)) -> 30 | AT60: 感性 | BA60: =IF(BA58=-1,0,INDEX(词条!I3:M3,BA58+1)) -> 45 | BB60: =IF(BA58=-1,0,IF(BA58<=2,词条!I9,词条!J9)) -> 3 | BC60: =IF(BA58=-1,0,CHOOSE(BA58+1,词条!I2,词条!I2,词条!J2,词条!J2,词条!K2)) -> 30 | BD60: 通用
A62: 二人ならあっという間だね（红50） | K62: そろそろ焼けたかな？（红薯） | U62: 新たな挑戦の成功ですわ！（黄书签） | AC62: 道具属性 | AE62: 基礎＞応用（红老师） | AO62: バズっちゃお！（椰树椰汁） | AY62: まだまだのばしてー（黄老师）
C63: 破数 | D63: 营业 | E63: sp训练 | F63: 第一属性 | G63: 第二属性 | H63: 第三属性 | M63: 破数 | O63: 支给 | P63: 第一属性 | Q63: 第二属性 | R63: 第三属性 | W63: 破数 | Y63: 抓a卡 | Z63: 第一属性 | AA63: 第二属性 | AB63: 第三属性 | AC63: =IF(W64=-1,0,75) -> 75 | AG63: 破数 | AJ63: 第一属性 | AK63: 第二属性 | AL63: 第三属性 | AQ63: 破数 | AR63: 相谈 | AS63: 外出 | AT63: 第一属性 | AU63: 第二属性 | AV63: 第三属性 | BA63: 破数 | BD63: 第一属性 | BE63: 第二属性 | BF63: 第三属性
C64: 4 | D64: =IF(C64=-1,0,IF(C64<=1,词条!C16,词条!D16)) -> 7 | E64: =IF(C64=-1,0,IF(C64<=3,词条!C7,词条!D7)) -> 17 | F64: =IF(C64=-1,0,INT((C66/100)*路线!B11+D64*路线!B30+D66*(路线!B28+路线!B29)+E64*路线!B15+E66)) -> 249 | G64: =IF(C64=-1,0,INT((C66/100)*路线!B12+D64*路线!B30+D66*(路线!B28+路线!B29)+E64*路线!B18+E66)) -> 213 | H64: =IF(C64=-1,0,INT((C66/100)*路线!B13+D64*路线!B30+D66*(路线!B28+路线!B29)+E64*路线!B21+E66)) -> 126 | M64: 4 | O64: =IF(M64=-1,0,IF(M64<=3,词条!C12,词条!D12)) -> 17 | P64: =IF(M64=-1,0,IF(路线!C6="计算",INT(M66+N66*路线!B15+O64*路线!B34+O66+20),INT(M66+N66*路线!B15+O64*路线!B34+O66))) -> 239 | Q64: =IF(M64=-1,0,IF(路线!C6="计算",INT(M66+N66*路线!B18+O64*路线!B34+O66+20),INT(M66+N66*路线!B18+O64*路线!B34+O66))) -> 222 | R64: =IF(M64=-1,0,IF(路线!C6="计算",INT(M66+N66*路线!B21+O64*路线!B34+O66+20),INT(M66+N66*路线!B21+O64*路线!B34+O66))) -> 171 | W64: 4 | Y64: =IF(W64=-1,0,IF(W64<=3,词条!C14,词条!D14)) -> 3 | Z64: =IF(W64=-1,0,INT(W66+X66*路线!B14+Y64*路线!B23+Y66)) -> 154 | AA64: =IF(W64=-1,0,INT(W66+X66*路线!B17+Y64*路线!B23+Y66)) -> 148 | AB64: =IF(W64=-1,0,INT(W66+X66*路线!B20+Y64*路线!B23+Y66)) -> 130 | AC64: =Z64+AC63 -> 229 | AG64: 4 | AJ64: =IF(AG64=-1,0,INT(AG66+AH66*(路线!B23+路线!B24)+AI66)) -> 119 | AK64: =IF(AG64=-1,0,INT(AG66+AH66*(路线!B23+路线!B24)+AI66)) -> 119 | AL64: =IF(AG64=-1,0,INT(AG66+AH66*(路线!B23+路线!B24)+AI66)) -> 119 | AQ64: 4 | AR64: =IF(AQ64=-1,0,IF(AQ64=0,词条!I18,词条!J18)) -> 8 | AS64: =IF(AQ64=-1,0,IF(AQ64<=3,词条!I17,词条!J17)) -> 10 | AT64: =IF(AQ64=-1,0,IF(路线!C6="计算",INT(AQ66+AR64*路线!B33+AR66*路线!B34+AS64*路线!B31+AS66+20),INT(AQ66+AR64*路线!B33+AR66*路线!B34+AS64*路线!B31+AS66))) -> 160 | AU64: =IF(AQ64=-1,0,IF(路线!C6="计算",INT(AQ66+AR64*路线!B33+AR66*路线!B34+AS64*路线!B31+AS66+20),INT(AQ66+AR64*路线!B33+AR66*路线!B34+AS64*路线!B31+AS66))) -> 160 | AV64: =IF(AQ64=-1,0,IF(路线!C6="计算",INT(AQ66+AR64*路线!B33+AR66*路线!B34+AS64*路线!B31+AS66+20),INT(AQ66+AR64*路线!B33+AR66*路线!B34+AS64*路线!B31+AS66))) -> 160 | BA64: 4 | BD64: =IF(BA64=-1,0,INT(BA66+BB66*路线!B31+BC66)) -> 75 | BE64: =IF(BA64=-1,0,INT(BA66+BB66*路线!B31+BC66)) -> 75 | BF64: =IF(BA64=-1,0,INT(BA66+BB66*路线!B31+BC66)) -> 75
C65: 百分比 | D65: 强化 | E65: 事件 | M65: 基础值 | N65: sp训练 | O65: 事件 | P65: SP | W65: 基础值 | X65: 训练 | Y65: 事件 | Z65: SP | AC65: =AA64+AC63 -> 223 | AG65: 基础值 | AH65: 抓卡 | AI65: 事件 | AJ65: SP | AQ65: 基础值 | AR65: 支给 | AS65: 事件 | BA65: 基础值 | BB65: 外出 | BC65: 事件 | BD65: SP
C66: =IF(C64=-1,0,INDEX(词条!C4:G4,C64+1)) -> 8.5 | D66: =IF(C64=-1,0,IF(C64<=2,词条!C9,词条!D9)) -> 4 | E66: =IF(C64=-1,0,CHOOSE(C64+1,词条!C2,词条!D2,词条!D2,词条!D2,词条!E2)) -> 40 | F66: 通用 | M66: =IF(M64=-1,0,INDEX(词条!C3:G3,M64+1)) -> 60 | N66: =IF(M64=-1,0,IF(M64<=2,词条!C7,词条!D7)) -> 17 | O66: =IF(M64=-1,0,CHOOSE(M64+1,词条!C2,词条!D2,词条!D2,词条!D2,词条!E2)) -> 40 | P66: 理性 | W66: =IF(W64=-1,0,INDEX(词条!C3:G3,W64+1)) -> 60 | X66: =IF(W64=-1,0,IF(W64<=2,词条!C6,词条!D6)) -> 6 | Y66: =IF(W64=-1,0,CHOOSE(W64+1,词条!C2,词条!D2,词条!D2,词条!D2,词条!E2)) -> 40 | Z66: 通用 | AC66: =AB64+AC63 -> 205 | AG66: =IF(AG64=-1,0,INDEX(词条!I3:M3,AG64+1)) -> 45 | AH66: =IF(AG64=-1,0,IF(AG64<=2,词条!I15,词条!J15)) -> 2 | AI66: =IF(AG64=-1,0,CHOOSE(AG64+1,词条!I2,词条!I2,词条!J2,词条!J2,词条!K2)) -> 30 | AJ66: 通用 | AQ66: =IF(AQ64=-1,0,INDEX(词条!I3:M3,AQ64+1)) -> 45 | AR66: =IF(AQ64=-1,0,IF(AQ64<=2,词条!I12,词条!J12)) -> 11 | AS66: =IF(AQ64=-1,0,CHOOSE(AQ64+1,词条!I2,词条!I2,词条!J2,词条!J2,词条!K2)) -> 30 | AT66: 理性 | BA66: =IF(BA64=-1,0,INDEX(词条!I3:M3,BA64+1)) -> 45 | BB66: =IF(BA64=-1,0,IF(BA64<=2,词条!I17,词条!J17)) -> 10 | BC66: =IF(BA64=-1,0,CHOOSE(BA64+1,词条!I2,词条!I2,词条!J2,词条!J2,词条!K2)) -> 30 | BD66: 通用
A68: すっかり秋色ですわね！（秋色） | K68: プロデュースって大変ね（大变卡） | U68: 会長、準備は万端です（准备万端） | AE68: まごころを込めて（巧可琴音） | AO68: ディカプルエックスエル！（圣诞斯大广） | AY68: SSCの爆誕（毒蘑菇旧鞋跟）
C69: 破数 | E69: 支给 | F69: 第一属性 | G69: 第二属性 | H69: 第三属性 | M69: 破数 | P69: 第一属性 | Q69: 第二属性 | R69: 第三属性 | W69: 破数 | Y69: 外出 | Z69: 第一属性 | AA69: 第二属性 | AB69: 第三属性 | AG69: 破数 | AI69: 外出 | AJ69: 第一属性 | AK69: 第二属性 | AL69: 第三属性 | AQ69: 破数 | AS69: sp训练 | AT69: 第一属性 | AU69: 第二属性 | AV69: 第三属性 | BA69: 破数 | BC69: sp训练 | BD69: 第一属性 | BE69: 第二属性 | BF69: 第三属性
C70: 4 | E70: =IF(C70=-1,0,IF(C70<=3,词条!C12,词条!D12)) -> 17 | F70: =IF(C70=-1,0,INT(C72+D72*路线!B25+E70*路线!B34+E72)) -> 199 | G70: =IF(C70=-1,0,INT(C72+D72*路线!B25+E70*路线!B34+E72)) -> 199 | H70: =IF(C70=-1,0,INT(C72+D72*路线!B25+E70*路线!B34+E72)) -> 199 | M70: 4 | P70: =IF(M70=-1,0,INT(M72+N72+O72)) -> 117 | Q70: =IF(M70=-1,0,INT(M72+N72+O72)) -> 117 | R70: =IF(M70=-1,0,INT(M72+N72+O72)) -> 117 | W70: 4 | Y70: =IF(W70=-1,0,IF(W70<=3,词条!C17,词条!D17)) -> 15 | Z70: =IF(W70=-1,0,INT((W72/100)*路线!B11+X72*路线!B29+Y70*路线!B31+Y72)) -> 134 | AA70: =IF(W70=-1,0,INT((W72/100)*路线!B12+X72*路线!B29+Y70*路线!B31+Y72)) -> 115 | AB70: =IF(W70=-1,0,INT((W72/100)*路线!B13+X72*路线!B29+Y70*路线!B31+Y72)) -> 79 | AG70: 4 | AI70: =IF(AG70=-1,0,IF(AG70<=3,词条!I17,词条!J17)) -> 10 | AJ70: =IF(AG70=-1,0,IF(路线!C6="计算",INT((AG72/100)*路线!B11+AH72*路线!B30+AI70*路线!B31+AI72+20),INT((AG72/100)*路线!B11+AH72*路线!B30+AI70*路线!B31+AI72))) -> 142 | AK70: =IF(AG70=-1,0,IF(路线!C6="计算",INT((AG72/100)*路线!B12+AH72*路线!B30+AI70*路线!B31+AI72+20),INT((AG72/100)*路线!B12+AH72*路线!B30+AI70*路线!B31+AI72))) -> 128 | AL70: =IF(AG70=-1,0,IF(路线!C6="计算",INT((AG72/100)*路线!B13+AH72*路线!B30+AI70*路线!B31+AI72+20),INT((AG72/100)*路线!B13+AH72*路线!B30+AI70*路线!B31+AI72))) -> 101 | AQ70: 4 | AS70: =IF(AQ70=-1,0,IF(AQ70<=3,词条!I7,词条!J7)) -> 13 | AT70: =IF(AQ70=-1,0,INT((AQ72/100)*路线!B11+AR72*路线!B33+AS70*路线!B15+AS72)) -> 171 | AU70: =IF(AQ70=-1,0,INT((AQ72/100)*路线!B12+AR72*路线!B33+AS70*路线!B18+AS72)) -> 144 | AV70: =IF(AQ70=-1,0,INT((AQ72/100)*路线!B13+AR72*路线!B33+AS70*路线!B21+AS72)) -> 78 | BA70: 4 | BC70: =IF(BA70=-1,0,IF(BA70<=3,词条!I7,词条!J7)) -> 13 | BD70: =IF(BA70=-1,0,IF(路线!C6="计算",INT((BA72/100)*路线!B11+BB72*路线!B31+BC70*路线!B15+BC72+20),INT((BA72/100)*路线!B11+BB72*路线!B31+BC70*路线!B15+BC72))) -> 159 | BE70: =IF(BA70=-1,0,IF(路线!C6="计算",INT((BA72/100)*路线!B12+BB72*路线!B31+BC70*路线!B18+BC72+20),INT((BA72/100)*路线!B12+BB72*路线!B31+BC70*路线!B18+BC72))) -> 132 | BF70: =IF(BA70=-1,0,IF(路线!C6="计算",INT((BA72/100)*路线!B13+BB72*路线!B31+BC70*路线!B21+BC72+20),INT((BA72/100)*路线!B13+BB72*路线!B31+BC70*路线!B21+BC72))) -> 66
C71: 基础值 | D71: 抓好调卡 | E71: 事件 | F71: SP | M71: 基础值 | N71: 试验终了 | O71: 事件 | P71: SP | W71: 百分比 | X71: m强化 | Y71: 事件 | AG71: 百分比 | AH71: 营业 | AI71: 事件 | AQ71: 百分比 | AR71: 相谈 | AS71: 事件 | BA71: 百分比 | BB71: 外出 | BC71: 事件 | BD71: SP
C72: =IF(C70=-1,0,INDEX(词条!C3:G3,C70+1)) -> 60 | D72: =IF(C70=-1,0,IF(C70<=2,词条!C21,词条!D21)) -> 4 | E72: =IF(C70=-1,0,CHOOSE(C70+1,词条!C2,词条!D2,词条!D2,词条!D2,词条!E2)) -> 40 | F72: 感性 | M72: =IF(M70=-1,0,INDEX(词条!C3:G3,M70+1)) -> 60 | N72: =IF(M70=-1,0,IF(M70<=2,词条!F19,词条!G19)) -> 17 | O72: =IF(M70=-1,0,CHOOSE(M70+1,词条!C2,词条!D2,词条!D2,词条!D2,词条!E2)) -> 40 | P72: 非凡 | W72: =IF(W70=-1,0,INDEX(词条!C4:G4,W70+1)) -> 8.5 | X72: =IF(W70=-1,0,IF(W70<=2,词条!C10,词条!D11)) -> 9 | Y72: =IF(W70=-1,0,CHOOSE(W70+1,词条!C2,词条!D2,词条!D2,词条!D2,词条!E2)) -> 40 | Z72: 理性 | AG72: =IF(AG70=-1,0,INDEX(词条!I4:M4,AG70+1)) -> 6.4 | AH72: =IF(AG70=-1,0,IF(AG70<=2,词条!I16,词条!J16)) -> 5 | AI72: =IF(AG70=-1,0,CHOOSE(AG70+1,词条!I2,词条!I2,词条!J2,词条!J2,词条!K2)) -> 30 | AJ72: 理性 | AQ72: =IF(AQ70=-1,0,INDEX(词条!I4:M4,AQ70+1)) -> 6.4 | AR72: =IF(AQ70=-1,0,IF(AQ70<=2,词条!I18,词条!J18)) -> 8 | AS72: =IF(AQ70=-1,0,CHOOSE(AQ70+1,词条!I2,词条!I2,词条!J2,词条!J2,词条!K2)) -> 30 | AT72: 感性 | BA72: =IF(BA70=-1,0,INDEX(词条!I4:M4,BA70+1)) -> 6.4 | BB72: =IF(BA70=-1,0,IF(BA70<=2,词条!I17,词条!J17)) -> 10 | BC72: =IF(BA70=-1,0,CHOOSE(BA70+1,词条!I2,词条!I2,词条!J2,词条!J2,词条!K2)) -> 30 | BD72: 非凡
A74: もう一度、最初から！（fes1） | K74: キラキラして綺麗～っ！（光夜） | U74: ぜったい追いついてやる！（红叶） | AE74: 屈辱の2位（马给马给） | AO74: きゅる～んωポーズッ☆（可爱pose） | AW74: 道具属性 | AX74: 干劲抓卡 | AY74: 虫愛づる王子様（虫爱）
C75: 破数 | E75: 营业 | F75: 第一属性 | G75: 第二属性 | H75: 第三属性 | M75: 破数 | N75: 相谈 | O75: 试验终了 | P75: 第一属性 | Q75: 第二属性 | R75: 第三属性 | W75: 破数 | X75: 营业 | Y75: sp训练 | Z75: 第一属性 | AA75: 第二属性 | AB75: 第三属性 | AG75: 破数 | AH75: 外出 | AI75: 试验终了 | AJ75: 第一属性 | AK75: 第二属性 | AL75: 第三属性 | AQ75: 破数 | AS75: sp训练 | AT75: 第一属性 | AU75: 第二属性 | AV75: 第三属性 | AW75: =AX75*6 -> 60 | AX75: 10 | BA75: 破数 | BB75: 强化 | BC75: 外出 | BD75: 第一属性 | BE75: 第二属性 | BF75: 第三属性
C76: 4 | E76: =IF(C76=-1,0,IF(C76<=3,词条!C16,词条!D16)) -> 7 | F76: =IF(C76=-1,0,IF(路线!C6="计算",INT((C78/100)*路线!B11+D78*路线!B15+E76*路线!B30+E78+20),INT((C78/100)*路线!B11+D78*路线!B15+E76*路线!B30+E78))) -> 253 | G76: =IF(C76=-1,0,IF(路线!C6="计算",INT((C78/100)*路线!B12+D78*路线!B18+E76*路线!B30+E78+20),INT((C78/100)*路线!B12+D78*路线!B18+E76*路线!B30+E78))) -> 217 | H76: =IF(C76=-1,0,IF(路线!C6="计算",INT((C78/100)*路线!B13+D78*路线!B21+E76*路线!B30+E78+20),INT((C78/100)*路线!B13+D78*路线!B21+E76*路线!B30+E78))) -> 130 | M76: 4 | N76: =IF(M76=-1,0,IF(M76<=1,词条!C18,词条!D18)) -> 11 | O76: =IF(M76=-1,0,IF(M76<=3,词条!C19,词条!D19)) -> 22 | P76: =IF(M76=-1,0,IF(路线!C6="计算",INT((M78/100)*路线!B11+N76*路线!B33+N78*路线!B15+O76+O78+20),INT((M78/100)*路线!B11+N76*路线!B33+N78*路线!B15+O76+O78))) -> 270 | Q76: =IF(M76=-1,0,IF(路线!C6="计算",INT((M78/100)*路线!B12+N76*路线!B33+N78*路线!B18+O76+O78+20),INT((M78/100)*路线!B12+N76*路线!B33+N78*路线!B18+O76+O78))) -> 234 | R76: =IF(M76=-1,0,IF(路线!C6="计算",INT((M78/100)*路线!B13+N76*路线!B33+N78*路线!B21+O76+O78+20),INT((M78/100)*路线!B13+N76*路线!B33+N78*路线!B21+O76+O78))) -> 147 | W76: 4 | X76: =IF(W76=-1,0,IF(W76<=1,词条!C16,词条!D16)) -> 7 | Y76: =IF(W76=-1,0,IF(W76<=3,词条!C7,词条!D7)) -> 17 | Z76: =IF(W76=-1,0,IF(路线!C6="计算",INT((W78/100)*路线!B11+X76*路线!B30+X78*(路线!B28+路线!B29)+Y76*路线!B15+Y78+20),INT((W78/100)*路线!B11+X76*路线!B30+X78*(路线!B28+路线!B29)+Y76*路线!B15+Y78))) -> 269 | AA76: =IF(W76=-1,0,IF(路线!C6="计算",INT((W78/100)*路线!B12+X76*路线!B30+X78*(路线!B28+路线!B29)+Y76*路线!B18+Y78+20),INT((W78/100)*路线!B12+X76*路线!B30+X78*(路线!B28+路线!B29)+Y76*路线!B18+Y78))) -> 233 | AB76: =IF(W76=-1,0,IF(路线!C6="计算",INT((W78/100)*路线!B13+X76*路线!B30+X78*(路线!B28+路线!B29)+Y76*路线!B21+Y78+20),INT((W78/100)*路线!B13+X76*路线!B30+X78*(路线!B28+路线!B29)+Y76*路线!B21+Y78))) -> 146 | AG76: 4 | AH76: =IF(AG76=-1,0,IF(AG76=0,词条!I17,词条!J17)) -> 10 | AI76: =IF(AG76=-1,0,IF(AG76<=3,词条!I19,词条!J19)) -> 17 | AJ76: =IF(AG76=-1,0,INT(AG78+AH76*路线!B31+AH78*路线!B35+AI76+AI78)) -> 172 | AK76: =IF(AG76=-1,0,INT(AG78+AH76*路线!B31+AH78*路线!B35+AI76+AI78)) -> 172 | AL76: =IF(AG76=-1,0,INT(AG78+AH76*路线!B31+AH78*路线!B35+AI76+AI78)) -> 172 | AQ76: 4 | AS76: =IF(AQ76=-1,0,IF(AQ76<=3,词条!I7,词条!J7)) -> 13 | AT76: =IF(AQ76=-1,0,INT(AQ78+AR78+AS76*路线!B15+AS78)) -> 144 | AU76: =IF(AQ76=-1,0,INT(AQ78+AR78+AS76*路线!B18+AS78)) -> 131 | AV76: =IF(AQ76=-1,0,INT(AQ78+AR78+AS76*路线!B21+AS78)) -> 92 | AW76: =AT76+AW75 -> 204 | BA76: 4 | BB76: =IF(BA76=-1,0,IF(BA76=0,词条!I9,词条!J9)) -> 3 | BC76: =IF(BA76=-1,0,IF(BA76<=3,词条!I17,词条!J17)) -> 10 | BD76: =IF(BA76=-1,0,IF(路线!C6="计算",INT(BA78+BB76*(路线!B28+路线!B29)+BB78*路线!B35+BC76*路线!B31+BC78+20),INT(BA78+BB76*(路线!B28+路线!B29)+BB78*路线!B35+BC76*路线!B31+BC78))) -> 187 | BE76: =IF(BA76=-1,0,IF(路线!C6="计算",INT(BA78+BB76*(路线!B28+路线!B29)+BB78*路线!B35+BC76*路线!B31+BC78+20),INT(BA78+BB76*(路线!B28+路线!B29)+BB78*路线!B35+BC76*路线!B31+BC78))) -> 187 | BF76: =IF(BA76=-1,0,IF(路线!C6="计算",INT(BA78+BB76*(路线!B28+路线!B29)+BB78*路线!B35+BC76*路线!B31+BC78+20),INT(BA78+BB76*(路线!B28+路线!B29)+BB78*路线!B35+BC76*路线!B31+BC78))) -> 187
C77: 百分比 | D77: sp训练 | E77: 事件 | F77: SP | M77: 百分比 | N77: sp训练 | O77: 事件 | W77: 百分比 | X77: 强化 | Y77: 事件 | AG77: 基础值 | AH77: 删卡 | AI77: 事件 | AQ77: 基础值 | AR77: 试验终了 | AS77: 事件 | AT77: SP | AW77: =AU76+AW75 -> 191 | BA77: 基础值 | BB77: 删卡 | BC77: 事件
C78: =IF(C76=-1,0,INDEX(词条!C4:G4,C76+1)) -> 8.5 | D78: =IF(C76=-1,0,IF(C76<=2,词条!C7,词条!D7)) -> 17 | E78: =IF(C76=-1,0,CHOOSE(C76+1,词条!C2,词条!D2,词条!D2,词条!D2,词条!E2)) -> 40 | F78: 感性 | M78: =IF(M76=-1,0,INDEX(词条!C4:G4,M76+1)) -> 8.5 | N78: =IF(M76=-1,0,IF(M76<=2,词条!C7,词条!D7)) -> 17 | O78: =IF(M76=-1,0,CHOOSE(M76+1,词条!C2,词条!D2,词条!D2,词条!D2,词条!E2)) -> 40 | P78: 感性 | W78: =IF(W76=-1,0,INDEX(词条!C4:G4,W76+1)) -> 8.5 | X78: =IF(W76=-1,0,IF(W76<=2,词条!C9,词条!D9)) -> 4 | Y78: =IF(W76=-1,0,CHOOSE(W76+1,词条!C2,词条!D2,词条!D2,词条!D2,词条!E2)) -> 40 | Z78: 通用 | AG78: =IF(AG76=-1,0,INDEX(词条!I3:M3,AG76+1)) -> 45 | AH78: =IF(AG76=-1,0,IF(AG76<=2,词条!I22,词条!J22)) -> 8 | AI78: =IF(AG76=-1,0,CHOOSE(AG76+1,词条!I2,词条!I2,词条!J2,词条!J2,词条!K2)) -> 30 | AJ78: 理性 | AQ78: =IF(AQ76=-1,0,INDEX(词条!I3:M3,AQ76+1)) -> 45 | AR78: =IF(AQ76=-1,0,IF(AQ76<=2,词条!I19,词条!J19)) -> 17 | AS78: =IF(AQ76=-1,0,CHOOSE(AQ76+1,词条!I2,词条!I2,词条!J2,词条!J2,词条!K2)) -> 30 | AT78: 理性 | AW78: =AV76+AW75 -> 152 | BA78: =IF(BA76=-1,0,INDEX(词条!I3:M3,BA76+1)) -> 45 | BB78: =IF(BA76=-1,0,IF(BA76<=2,词条!I22,词条!J22)) -> 8 | BC78: =IF(BA76=-1,0,CHOOSE(BA76+1,词条!I2,词条!I2,词条!J2,词条!J2,词条!K2)) -> 30 | BD78: 非凡
A80: はいっ、みんなも一緒に♪（fes3） | K80: 待ちなさーい！（蓝旗） | U80: さみだれ（公交车站） | AE80: 2名様、ご案内～♪（毛球偷吃） | AM80: 道具属性 | AN80: 元气抓卡 | AO80: カロリー/2でハッピー×2（包子） | AY80: 奥義、三重とび！（花式跳绳） | BG80: 道具属性 | BH80: 全力抓卡
C81: 破数 | E81: 外出 | F81: 第一属性 | G81: 第二属性 | H81: 第三属性 | M81: 破数 | O81: 抓a卡 | P81: 第一属性 | Q81: 第二属性 | R81: 第三属性 | W81: 破数 | Y81: sp训练 | Z81: 第一属性 | AA81: 第二属性 | AB81: 第三属性 | AG81: 破数 | AH81: 外出 | AI81: 强化 | AJ81: 第一属性 | AK81: 第二属性 | AL81: 第三属性 | AM81: =AN81*6 -> 60 | AN81: 10 | AQ81: 破数 | AR81: 强化 | AS81: sp训练 | AT81: 第一属性 | AU81: 第二属性 | AV81: 第三属性 | BA81: 破数 | BB81: m强化 | BC81: 营业 | BD81: 第一属性 | BE81: 第二属性 | BF81: 第三属性 | BG81: =BH81*6 -> 60 | BH81: 10
C82: 4 | E82: =IF(C82=-1,0,IF(C82<=3,词条!C17,词条!D17)) -> 15 | F82: =IF(C82=-1,0,INT((C84/100)*路线!B11+E82*路线!B31+E84)) -> 116 | G82: =IF(C82=-1,0,INT((C84/100)*路线!B12+E82*路线!B31+E84)) -> 97 | H82: =IF(C82=-1,0,INT((C84/100)*路线!B13+E82*路线!B31+E84)) -> 61 | M82: 4 | O82: =IF(M82=-1,0,IF(M82<=3,词条!C14,词条!D14)) -> 3 | P82: =IF(M82=-1,0,INT(M84+N84*路线!B15+O82*路线!B23+O84)) -> 198 | Q82: =IF(M82=-1,0,INT(M84+N84*路线!B18+O82*路线!B23+O84)) -> 181 | R82: =IF(M82=-1,0,INT(M84+N84*路线!B21+O82*路线!B23+O84)) -> 130 | W82: 4 | Y82: =IF(W82=-1,0,IF(W82<=3,词条!F7,词条!G7)) -> 13 | Z82: =IF(W82=-1,0,IF(路线!C6="计算",INT((W84/100)*路线!B11+X84*路线!B29+Y82*路线!B15+Y84+20),INT((W84/100)*路线!B11+X84*路线!B29+Y82*路线!B15+Y84))) -> 202 | AA82: =IF(W82=-1,0,IF(路线!C6="计算",INT((W84/100)*路线!B12+X84*路线!B29+Y82*路线!B18+Y84+20),INT((W84/100)*路线!B12+X84*路线!B29+Y82*路线!B18+Y84))) -> 170 | AB82: =IF(W82=-1,0,IF(路线!C6="计算",INT((W84/100)*路线!B13+X84*路线!B29+Y82*路线!B21+Y84+20),INT((W84/100)*路线!B13+X84*路线!B29+Y82*路线!B21+Y84))) -> 95 | AG82: 4 | AH82: =IF(AG82=-1,0,IF(AG82=0,词条!I17,词条!J17)) -> 10 | AI82: =IF(AG82=-1,0,IF(AG82<=3,词条!I9,词条!J9)) -> 3 | AJ82: =IF(AG82=-1,0,INT(AG84+AH82*路线!B31+AH84*路线!B30+AI82*(路线!B28+路线!B29)+AI84)) -> 122 | AK82: =IF(AG82=-1,0,INT(AG84+AH82*路线!B31+AH84*路线!B30+AI82*(路线!B28+路线!B29)+AI84)) -> 122 | AL82: =IF(AG82=-1,0,INT(AG84+AH82*路线!B31+AH84*路线!B30+AI82*(路线!B28+路线!B29)+AI84)) -> 122 | AM82: =AJ82+AM81 -> 182 | AQ82: 4 | AR82: =IF(AQ82=-1,0,IF(AQ82=0,词条!I9,词条!J9)) -> 3 | AS82: =IF(AQ82=-1,0,IF(AQ82<=3,词条!I7,词条!J7)) -> 13 | AT82: =IF(AQ82=-1,0,INT(AQ84+AR82*(路线!B28+路线!B29)+AR84*路线!B34+AS82*路线!B15+AS84)) -> 172 | AU82: =IF(AQ82=-1,0,INT(AQ84+AR82*(路线!B28+路线!B29)+AR84*路线!B34+AS82*路线!B18+AS84)) -> 159 | AV82: =IF(AQ82=-1,0,INT(AQ84+AR82*(路线!B28+路线!B29)+AR84*路线!B34+AS82*路线!B21+AS84)) -> 120 | BA82: 4 | BB82: =IF(BA82=-1,0,IF(BA82=0,词条!I10,词条!J10)) -> 6 | BC82: =IF(BA82=-1,0,IF(BA82<=3,词条!I16,词条!J16)) -> 5 | BD82: =IF(BA82=-1,0,INT(BA84+BB82*路线!B29+BB84+BC82*路线!B30+BC84)) -> 139 | BE82: =IF(BA82=-1,0,INT(BA84+BB82*路线!B29+BB84+BC82*路线!B30+BC84)) -> 139 | BF82: =IF(BA82=-1,0,INT(BA84+BB82*路线!B29+BB84+BC82*路线!B30+BC84)) -> 139 | BG82: =BD82+BG81 -> 199
C83: 百分比 | E83: 事件 | F83: SP | M83: 基础值 | N83: sp训练 | O83: 事件 | P83: SP | W83: 百分比 | X83: m强化 | Y83: 事件 | AG83: 基础值 | AH83: 营业 | AI83: 事件 | AM83: =AK82+AM81 -> 182 | AQ83: 基础值 | AR83: 支给 | AS83: 事件 | BA83: 基础值 | BB83: 试验终了 | BC83: 事件 | BG83: =BE82+BG81 -> 199
C84: =IF(C82=-1,0,INDEX(词条!C4:G4,C82+1)) -> 8.5 | E84: =IF(C82=-1,0,CHOOSE(C82+1,词条!C2,词条!D2,词条!D2,词条!D2,词条!E2)) -> 40 | F84: 非凡 | M84: =IF(M82=-1,0,INDEX(词条!C3:G3,M82+1)) -> 60 | N84: =IF(M82=-1,0,IF(M82<=2,词条!C7,词条!D7)) -> 17 | O84: =IF(M82=-1,0,CHOOSE(M82+1,词条!C2,词条!D2,词条!D2,词条!D2,词条!E2)) -> 40 | P84: 非凡 | W84: =IF(W82=-1,0,INDEX(词条!C4:G4,W82+1)) -> 8.5 | X84: =IF(W82=-1,0,IF(W82<=2,词条!F10,词条!G10)) -> 7 | Y84: =IF(W82=-1,0,CHOOSE(W82+1,词条!C2,词条!D2,词条!D2,词条!D2,词条!E2)) -> 40 | Z84: 非凡 | AG84: =IF(AG82=-1,0,INDEX(词条!I3:M3,AG82+1)) -> 45 | AH84: =IF(AG82=-1,0,IF(AG82<=2,词条!I16,词条!J16)) -> 5 | AI84: =IF(AG82=-1,0,CHOOSE(AG82+1,词条!I2,词条!I2,词条!J2,词条!J2,词条!K2)) -> 30 | AJ84: 通用 | AM84: =AL82+AM81 -> 182 | AQ84: =IF(AQ82=-1,0,INDEX(词条!I3:M3,AQ82+1)) -> 45 | AR84: =IF(AQ82=-1,0,IF(AQ82<=2,词条!I12,词条!J12)) -> 11 | AS84: =IF(AQ82=-1,0,CHOOSE(AQ82+1,词条!I2,词条!I2,词条!J2,词条!J2,词条!K2)) -> 30 | AT84: 通用 | BA84: =IF(BA82=-1,0,INDEX(词条!I3:M3,BA82+1)) -> 45 | BB84: =IF(BA82=-1,0,IF(BA82<=2,词条!I19,词条!J19)) -> 17 | BC84: =IF(BA82=-1,0,CHOOSE(BA82+1,词条!I2,词条!I2,词条!J2,词条!J2,词条!K2)) -> 30 | BD84: 非凡 | BG84: =BF82+BG81 -> 199
A86: 絶対にお渡ししますわっ！（巧克力） | K86: これが私達の、3年間（蓝书签） | U86: あったかいね（围巾） | AO86: 目指すはテッペン（蓝老师） | AY86: 主菓子、甘い、薄茶、渋み（茶道）
C87: 破数 | E87: 外出 | F87: 第一属性 | G87: 第二属性 | H87: 第三属性 | M87: 破数 | O87: 营业 | P87: 第一属性 | Q87: 第二属性 | R87: 第三属性 | W87: 破数 | Y87: 相谈 | Z87: 第一属性 | AA87: 第二属性 | AB87: 第三属性 | AQ87: 破数 | AT87: 第一属性 | AU87: 第二属性 | AV87: 第三属性 | BA87: 破数 | BC87: sp训练 | BD87: 第一属性 | BE87: 第二属性 | BF87: 第三属性
C88: 4 | E88: =IF(C88=-1,0,IF(C88<=3,词条!C17,词条!D17)) -> 15 | F88: =IF(C88=-1,0,INT(C90+D90*路线!B14+E88*路线!B31+E90)) -> 124 | G88: =IF(C88=-1,0,INT(C90+D90*路线!B17+E88*路线!B31+E90)) -> 118 | H88: =IF(C88=-1,0,INT(C90+D90*路线!B20+E88*路线!B31+E90)) -> 100 | M88: 4 | O88: =IF(M88=-1,0,IF(M88<=3,词条!C16,词条!D16)) -> 7 | P88: =IF(M88=-1,0,INT((M90/100)*路线!B11+N90*路线!B15+O88*路线!B30+O90)) -> 233 | Q88: =IF(M88=-1,0,INT((M90/100)*路线!B12+N90*路线!B18+O88*路线!B30+O90)) -> 197 | R88: =IF(M88=-1,0,INT((M90/100)*路线!B13+N90*路线!B21+O88*路线!B30+O90)) -> 110 | W88: 4 | Y88: =IF(W88=-1,0,IF(W88<=3,词条!C18,词条!D18)) -> 11 | Z88: =IF(W88=-1,0,INT(W90+X90*路线!B24+Y88*路线!B33+Y90)) -> 180 | AA88: =IF(W88=-1,0,INT(W90+X90*路线!B24+Y88*路线!B33+Y90)) -> 180 | AB88: =IF(W88=-1,0,INT(W90+X90*路线!B24+Y88*路线!B33+Y90)) -> 180 | AQ88: 4 | AT88: =IF(AQ88=-1,0,INT(AQ90+AR90*路线!B33+AS90)) -> 107 | AU88: =IF(AQ88=-1,0,INT(AQ90+AR90*路线!B33+AS90)) -> 107 | AV88: =IF(AQ88=-1,0,INT(AQ90+AR90*路线!B33+AS90)) -> 107 | BA88: 4 | BC88: =IF(BA88=-1,0,IF(BA88<=3,词条!I7,词条!J7)) -> 13 | BD88: =IF(BA88=-1,0,INT(BA90+BB90+BC88*路线!B15+BC90)) -> 144 | BE88: =IF(BA88=-1,0,INT(BA90+BB90+BC88*路线!B18+BC90)) -> 131 | BF88: =IF(BA88=-1,0,INT(BA90+BB90+BC88*路线!B21+BC90)) -> 92
C89: 基础值 | D89: 训练 | E89: 事件 | F89: SP | M89: 百分比 | N89: sp训练 | O89: 事件 | W89: 基础值 | X89: 抓m卡 | Y89: 事件 | Z89: SP | AQ89: 基础值 | AR89: 相谈 | AS89: 事件 | AT89: SP | BA89: 基础值 | BB89: 试验终了 | BC89: 事件 | BD89: SP
C90: =IF(C88=-1,0,INDEX(词条!C3:G3,C88+1)) -> 60 | D90: =IF(C88=-1,0,IF(C88<=2,词条!C6,词条!D6)) -> 6 | E90: =IF(C88=-1,0,CHOOSE(C88+1,词条!C2,词条!D2,词条!D2,词条!D2,词条!E2)) -> 40 | F90: 理性 | M90: =IF(M88=-1,0,INDEX(词条!C4:G4,M88+1)) -> 8.5 | N90: =IF(M88=-1,0,IF(M88<=2,词条!C7,词条!D7)) -> 17 | O90: =IF(M88=-1,0,CHOOSE(M88+1,词条!C2,词条!D2,词条!D2,词条!D2,词条!E2)) -> 40 | P90: 通用 | W90: =IF(W88=-1,0,INDEX(词条!C3:G3,W88+1)) -> 60 | X90: =IF(W88=-1,0,IF(W88<=2,词条!C13,词条!D13)) -> 3 | Y90: =IF(W88=-1,0,CHOOSE(W88+1,词条!C2,词条!D2,词条!D2,词条!D2,词条!E2)) -> 40 | Z90: 理性 | AQ90: =IF(AQ88=-1,0,INDEX(词条!I3:M3,AQ88+1)) -> 45 | AR90: =IF(AQ88=-1,0,IF(AQ88<=2,词条!I18,词条!J18)) -> 8 | AS90: =IF(AQ88=-1,0,CHOOSE(AQ88+1,词条!I2,词条!I2,词条!J2,词条!J2,词条!K2)) -> 30 | AT90: 通用 | BA90: =IF(BA88=-1,0,INDEX(词条!I3:M3,BA88+1)) -> 45 | BB90: =IF(BA88=-1,0,IF(BA88<=2,词条!I19,词条!J19)) -> 17 | BC90: =IF(BA88=-1,0,CHOOSE(BA88+1,词条!I2,词条!I2,词条!J2,词条!J2,词条!K2)) -> 30 | BD90: 非凡
A92: さあ、もう一戦！（黑岩射手） | K92: あなたたちのことが好き（秋千） | U92: バレンタイン♡会議中ーっ！（情人节会议） | AO92: ピューとシューの二重奏（二重奏） | AY92: ばたんきゅー（噗叽啪——）
C93: 破数 | E93: sp训练 | F93: 第一属性 | G93: 第二属性 | H93: 第三属性 | M93: 破数 | O93: m强化 | P93: 第一属性 | Q93: 第二属性 | R93: 第三属性 | W93: 破数 | X93: 删卡 | Y93: sp训练 | Z93: 第一属性 | AA93: 第二属性 | AB93: 第三属性 | AQ93: 破数 | AR93: m强化 | AS93: 营业 | AT93: 第一属性 | AU93: 第二属性 | AV93: 第三属性 | BA93: 破数 | BC93: sp训练 | BD93: 第一属性 | BE93: 第二属性 | BF93: 第三属性
C94: 4 | E94: =IF(C94=-1,0,IF(C94<=3,词条!F7,词条!G7)) -> 13 | F94: =IF(C94=-1,0,IF(路线!C6="计算",INT((C96/100)*路线!B11+D96*路线!B24+E94*路线!B15+E96+20),INT((C96/100)*路线!B11+D96*路线!B24+E94*路线!B15+E96))) -> 212 | G94: =IF(C94=-1,0,IF(路线!C6="计算",INT((C96/100)*路线!B12+D96*路线!B24+E94*路线!B18+E96+20),INT((C96/100)*路线!B12+D96*路线!B24+E94*路线!B18+E96))) -> 180 | H94: =IF(C94=-1,0,IF(路线!C6="计算",INT((C96/100)*路线!B13+D96*路线!B24+E94*路线!B21+E96+20),INT((C96/100)*路线!B13+D96*路线!B24+E94*路线!B21+E96))) -> 105 | M94: 4 | O94: =IF(M94=-1,0,IF(M94<=3,词条!C10,词条!D11)) -> 9 | P94: =IF(M94=-1,0,INT(M96+N96*路线!B15+O94*路线!B29+O96)) -> 186 | Q94: =IF(M94=-1,0,INT(M96+N96*路线!B18+O94*路线!B29+O96)) -> 169 | R94: =IF(M94=-1,0,INT(M96+N96*路线!B21+O94*路线!B29+O96)) -> 118 | W94: 4 | X94: =IF(W94=-1,0,IF(W94<=1,词条!C22,词条!D22)) -> 11 | Y94: =IF(W94=-1,0,IF(W94<=3,词条!C7,词条!D7)) -> 17 | Z94: =IF(W94=-1,0,IF(路线!C6="计算",INT((W96/100)*路线!B11+X94*路线!B35+X96*路线!B28+Y94*路线!B15+Y96+20),INT((W96/100)*路线!B11+X94*路线!B35+X96*路线!B28+Y94*路线!B15+Y96))) -> 332 | AA94: =IF(W94=-1,0,IF(路线!C6="计算",INT((W96/100)*路线!B12+X94*路线!B35+X96*路线!B28+Y94*路线!B18+Y96+20),INT((W96/100)*路线!B12+X94*路线!B35+X96*路线!B28+Y94*路线!B18+Y96))) -> 296 | AB94: =IF(W94=-1,0,IF(路线!C6="计算",INT((W96/100)*路线!B13+X94*路线!B35+X96*路线!B28+Y94*路线!B21+Y96+20),INT((W96/100)*路线!B13+X94*路线!B35+X96*路线!B28+Y94*路线!B21+Y96))) -> 209 | AQ94: 4 | AR94: =IF(AQ94=-1,0,IF(AQ94=0,词条!I10,词条!J10)) -> 6 | AS94: =IF(AQ94=-1,0,IF(AQ94<=3,词条!I16,词条!J16)) -> 5 | AT94: =IF(AQ94=-1,0,IF(路线!C6="计算",INT(AQ96+AR94*路线!B29+AR96*路线!B27+AS94*路线!B30+AS96+20),INT(AQ96+AR94*路线!B29+AR96*路线!B27+AS94*路线!B30+AS96))) -> 193 | AU94: =IF(AQ94=-1,0,IF(路线!C6="计算",INT(AQ96+AR94*路线!B29+AR96*路线!B27+AS94*路线!B30+AS96+20),INT(AQ96+AR94*路线!B29+AR96*路线!B27+AS94*路线!B30+AS96))) -> 193 | AV94: =IF(AQ94=-1,0,IF(路线!C6="计算",INT(AQ96+AR94*路线!B29+AR96*路线!B27+AS94*路线!B30+AS96+20),INT(AQ96+AR94*路线!B29+AR96*路线!B27+AS94*路线!B30+AS96))) -> 193 | BA94: 4 | BC94: =IF(BA94=-1,0,IF(BA94<=3,词条!I7,词条!J7)) -> 13 | BD94: =IF(BA94=-1,0,INT(BA96+IF(路线!B36>3,3,路线!B36)*BB96+BC94*路线!B15+BC96)) -> 175 | BE94: =IF(BA94=-1,0,INT(BA96+IF(路线!B36>3,3,路线!B36)*BB96+BC94*路线!B18+BC96)) -> 162 | BF94: =IF(BA94=-1,0,INT(BA96+IF(路线!B36>3,3,路线!B36)*BB96+BC94*路线!B21+BC96)) -> 123
C95: 百分比 | D95: 抓m卡 | E95: 事件 | M95: 基础值 | N95: sp训练 | O95: 事件 | P95: SP | W95: 百分比 | X95: a强化 | Y95: 事件 | AQ95: 基础值 | AR95: 抓好印象卡 | AS95: 事件 | BA95: 基础值 | BB95: 删m卡 | BC95: 事件 | BD95: SP
C96: =IF(C94=-1,0,INDEX(词条!C4:G4,C94+1)) -> 8.5 | D96: =IF(C94=-1,0,IF(C94<=2,词条!F13,词条!G13)) -> 2 | E96: =IF(C94=-1,0,CHOOSE(C94+1,词条!C2,词条!D2,词条!D2,词条!D2,词条!E2)) -> 40 | F96: 通用 | M96: =IF(M94=-1,0,INDEX(词条!C3:G3,M94+1)) -> 60 | N96: =IF(M94=-1,0,IF(M94<=2,词条!C7,词条!D7)) -> 17 | O96: =IF(M94=-1,0,CHOOSE(M94+1,词条!C2,词条!D2,词条!D2,词条!D2,词条!E2)) -> 40 | P96: 理性 | W96: =IF(W94=-1,0,INDEX(词条!C4:G4,W94+1)) -> 8.5 | X96: =IF(W94=-1,0,IF(W94<=2,词条!C11,词条!D11)) -> 9 | Y96: =IF(W94=-1,0,CHOOSE(W94+1,词条!C2,词条!D2,词条!D2,词条!D2,词条!E2)) -> 40 | Z96: 非凡 | AQ96: =IF(AQ94=-1,0,INDEX(词条!I3:M3,AQ94+1)) -> 45 | AR96: =IF(AQ94=-1,0,IF(AQ94<=2,词条!I24,词条!J24)) -> 3 | AS96: =IF(AQ94=-1,0,CHOOSE(AQ94+1,词条!I2,词条!I2,词条!J2,词条!J2,词条!K2)) -> 30 | AT96: 理性 | BA96: =IF(BA94=-1,0,INDEX(词条!I3:M3,BA94+1)) -> 45 | BB96: =IF(BA94=-1,0,IF(BA94<=2,词条!L22,词条!M22)) -> 16 | BC96: =IF(BA94=-1,0,CHOOSE(BA94+1,词条!I2,词条!I2,词条!J2,词条!J2,词条!K2)) -> 30 | BD96: 理性
A98: 相変わらず不器用ね（幼驯染） | K98: ひとりで立てますか？（溜冰） | U98: 新生活のはじまりだね（米袋） | AC98: 道具属性 | AO98: ガールズ♡トーク（女子会）
C99: 破数 | D99: 抓好印象卡 | E99: 外出 | F99: 第一属性 | G99: 第二属性 | H99: 第三属性 | M99: 破数 | O99: 抓m卡 | P99: 第一属性 | Q99: 第二属性 | R99: 第三属性 | W99: 破数 | Y99: 抓温存卡 | Z99: 第一属性 | AA99: 第二属性 | AB99: 第三属性 | AC99: =IF(W100=-1,0,路线!B31-1) -> -1 | AQ99: 破数 | AR99: 外出 | AS99: sp训练 | AT99: 第一属性 | AU99: 第二属性 | AV99: 第三属性
C100: 4 | D100: =IF(C100=-1,0,IF(C100<=1,词条!C24,词条!D24)) -> 4 | E100: =IF(C100=-1,0,IF(C100<=3,词条!C17,词条!D17)) -> 15 | F100: =IF(C100=-1,0,INT(C102+D100*路线!B27+D102*路线!B15+E100*路线!B31+E102)) -> 236 | G100: =IF(C100=-1,0,INT(C102+D100*路线!B27+D102*路线!B18+E100*路线!B31+E102)) -> 219 | H100: =IF(C100=-1,0,INT(C102+D100*路线!B27+D102*路线!B21+E100*路线!B31+E102)) -> 168 | M100: 4 | O100: =IF(M100=-1,0,IF(M100<=3,词条!C13,词条!D13)) -> 3 | P100: =IF(M100=-1,0,INT(M102+N102*路线!B15+O100*路线!B24+O102)) -> 204 | Q100: =IF(M100=-1,0,INT(M102+N102*路线!B18+O100*路线!B24+O102)) -> 187 | R100: =IF(M100=-1,0,INT(M102+N102*路线!B21+O100*路线!B24+O102)) -> 136 | W100: 4 | Y100: =IF(W100=-1,0,IF(W100<=3,词条!C23,词条!D23)) -> 4 | Z100: =IF(W100=-1,0,INT(W102+X102*路线!B14+Y100*路线!B26+Y102)) -> 192 | AA100: =IF(W100=-1,0,INT(W102+X102*路线!B17+Y100*路线!B26+Y102)) -> 186 | AB100: =IF(W100=-1,0,INT(W102+X102*路线!B20+Y100*路线!B26+Y102)) -> 168 | AC100: =Z100+AC99 -> 191 | AQ100: 4 | AR100: =IF(AQ100=-1,0,IF(AQ100=0,词条!I17,词条!J17)) -> 10 | AS100: =IF(AQ100=-1,0,IF(AQ100<=3,词条!I7,词条!J7)) -> 13 | AT100: =IF(AQ100=-1,0,INT(AQ102+AR100*路线!B31+AR102*路线!B29+AS100*路线!B15+AS102)) -> 139 | AU100: =IF(AQ100=-1,0,INT(AQ102+AR100*路线!B31+AR102*路线!B29+AS100*路线!B18+AS102)) -> 126 | AV100: =IF(AQ100=-1,0,INT(AQ102+AR100*路线!B31+AR102*路线!B29+AS100*路线!B21+AS102)) -> 87
C101: 基础值 | D101: sp训练 | E101: 事件 | M101: 基础值 | N101: sp训练 | O101: 事件 | P101: SP | W101: 基础值 | X101: 训练 | Y101: 事件 | Z101: SP | AC101: =AA100+AC99 -> 185 | AQ101: 基础值 | AR101: m强化 | AS101: 事件
C102: =IF(C100=-1,0,INDEX(词条!C3:G3,C100+1)) -> 60 | D102: =IF(C100=-1,0,IF(C100<=2,词条!C7,词条!D7)) -> 17 | E102: =IF(C100=-1,0,CHOOSE(C100+1,词条!C2,词条!D2,词条!D2,词条!D2,词条!E2)) -> 40 | F102: 理性 | M102: =IF(M100=-1,0,INDEX(词条!C3:G3,M100+1)) -> 60 | N102: =IF(M100=-1,0,IF(M100<=2,词条!C7,词条!D7)) -> 17 | O102: =IF(M100=-1,0,CHOOSE(M100+1,词条!C2,词条!D2,词条!D2,词条!D2,词条!E2)) -> 40 | P102: 通用 | W102: =IF(W100=-1,0,INDEX(词条!C3:G3,W100+1)) -> 60 | X102: =IF(W100=-1,0,IF(W100<=2,词条!C6,词条!D6)) -> 6 | Y102: =IF(W100=-1,0,CHOOSE(W100+1,词条!C2,词条!D2,词条!D2,词条!D2,词条!E2)) -> 40 | Z102: 非凡 | AC102: =AB100+AC99 -> 167 | AQ102: =IF(AQ100=-1,0,INDEX(词条!I3:M3,AQ100+1)) -> 45 | AR102: =IF(AQ100=-1,0,IF(AQ100<=2,词条!I10,词条!J10)) -> 6 | AS102: =IF(AQ100=-1,0,CHOOSE(AQ100+1,词条!I2,词条!I2,词条!J2,词条!J2,词条!K2)) -> 30 | AT102: 感性
A104: みんなの意見を聞かせて♪（发饰） | K104: ここから始まるんだね！（相册） | U104: 相手にとって不足なしよ！（对战） | AO104: あん・どぅ・とろわっ！（伸缩带） | AW104: 道具属性 | AX104: 强气抓卡
C105: 破数 | E105: 营业 | F105: 第一属性 | G105: 第二属性 | H105: 第三属性 | M105: 破数 | N105: 删卡 | O105: 营业 | P105: 第一属性 | Q105: 第二属性 | R105: 第三属性 | W105: 破数 | Y105: 删m卡 | Z105: 第一属性 | AA105: 第二属性 | AB105: 第三属性 | AQ105: 破数 | AS105: sp训练 | AT105: 第一属性 | AU105: 第二属性 | AV105: 第三属性 | AW105: =AX105*6 -> 60 | AX105: 10
C106: 0 | E106: =IF(C106=-1,0,IF(C106<=3,词条!F16,词条!G16)) -> 4 | F106: =INT(C108+D108*路线!B28+E106*路线!B30+E108) -> 116 | G106: =INT(C108+D108*路线!B28+E106*路线!B30+E108) -> 116 | H106: =INT(C108+D108*路线!B28+E106*路线!B30+E108) -> 116 | M106: 4 | N106: =IF(M106=-1,0,IF(M106<=1,词条!C22,词条!D22)) -> 11 | O106: =IF(M106=-1,0,IF(M106<=3,词条!C16,词条!D16)) -> 7 | P106: =IF(M106=-1,0,INT((M108/100)*路线!B11+N106*路线!B35+N108*路线!B15+O106*路线!B30+O108)) -> 343 | Q106: =IF(M106=-1,0,INT((M108/100)*路线!B12+N106*路线!B35+N108*路线!B18+O106*路线!B30+O108)) -> 307 | R106: =IF(M106=-1,0,INT((M108/100)*路线!B13+N106*路线!B35+N108*路线!B21+O106*路线!B30+O108)) -> 220 | W106: 4 | Y106: =IF(W106=-1,0,IF(W106<=3,词条!F22,词条!G22)) -> 22 | Z106: =IF(W106=-1,0,IF(路线!C6="计算",INT(W108+X108*路线!B15+Y106*IF(路线!B36<=3,路线!B36,3)+Y108+20),INT(W108+X108*路线!B15+Y106*IF(路线!B36<=3,路线!B36,3)+Y108))) -> 254 | AA106: =IF(W106=-1,0,IF(路线!C6="计算",INT(W108+X108*路线!B18+Y106*IF(路线!B36<=3,路线!B36,3)+Y108+20),INT(W108+X108*路线!B18+Y106*IF(路线!B36<=3,路线!B36,3)+Y108))) -> 237 | AB106: =IF(W106=-1,0,IF(路线!C6="计算",INT(W108+X108*路线!B21+Y106*IF(路线!B36<=3,路线!B36,3)+Y108+20),INT(W108+X108*路线!B21+Y106*IF(路线!B36<=3,路线!B36,3)+Y108))) -> 186 | AQ106: 4 | AS106: =IF(AQ106=-1,0,IF(AQ106<=3,词条!I7,词条!J7)) -> 13 | AT106: =INT(AQ108+AR108*(路线!B28+路线!B29)+AS106*路线!B15+AS108) -> 139 | AU106: =INT(AQ108+AR108*(路线!B28+路线!B29)+AS106*路线!B18+AS108) -> 126 | AV106: =INT(AQ108+AR108*(路线!B28+路线!B29)+AS106*路线!B21+AS108) -> 87 | AW106: =AT106+AW105 -> 199
C107: 基础值 | D107: a强化 | E107: 事件 | F107: SP | M107: 百分比 | N107: sp训练 | O107: 事件 | W107: 基础值 | X107: sp训练 | Y107: 事件 | Z107: SP | AQ107: 基础值 | AR107: 强化 | AS107: 事件 | AT107: SP | AW107: =AU106+AW105 -> 186
C108: =IF(C106=-1,0,INDEX(词条!C3:G3,C106+1)) -> 48 | D108: =IF(C106=-1,0,IF(C106<=2,词条!F11,词条!G11)) -> 5 | E108: =IF(C106=-1,0,CHOOSE(C106+1,词条!C2,词条!D2,词条!D2,词条!D2,词条!E2)) -> 30 | F108: 非凡 | M108: =IF(M106=-1,0,INDEX(词条!C4:G4,M106+1)) -> 8.5 | N108: =IF(M106=-1,0,IF(M106<=2,词条!C7,词条!D7)) -> 17 | O108: =IF(M106=-1,0,CHOOSE(M106+1,词条!C2,词条!D2,词条!D2,词条!D2,词条!E2)) -> 40 | P108: 感性 | W108: =IF(W106=-1,0,INDEX(词条!C3:G3,W106+1)) -> 60 | X108: =IF(W106=-1,0,IF(W106<=2,词条!C7,词条!D7)) -> 17 | Y108: =IF(W106=-1,0,CHOOSE(W106+1,词条!C2,词条!D2,词条!D2,词条!D2,词条!E2)) -> 40 | Z108: 非凡 | AQ108: =IF(AQ106=-1,0,INDEX(词条!I3:M3,AQ106+1)) -> 45 | AR108: =IF(AQ106=-1,0,IF(AQ106=0,词条!I9,词条!J9)) -> 3 | AS108: =IF(AQ106=-1,0,CHOOSE(AQ106+1,词条!I2,词条!I2,词条!J2,词条!J2,词条!K2)) -> 30 | AT108: 非凡 | AW108: =AV106+AW105 -> 147
K110: 利用し合うのが友達！（黄毛摸鱼） | S110: 道具属性 | U110: ひとりごとです（汤达人）
M111: 破数 | N111: 试验终了 | O111: 营业 | P111: 第一属性 | Q111: 第二属性 | R111: 第三属性 | S111: =IF(M112=-1,0,20) -> 20 | W111: 破数 | X111: 变卡 | Y111: 删a卡 | Z111: 第一属性 | AA111: 第二属性 | AB111: 第三属性
M112: 4 | N112: =IF(M112=-1,0,IF(M112<=1,词条!C19,词条!D19)) -> 22 | O112: =IF(M112=-1,0,IF(M112<=3,词条!C16,词条!D16)) -> 7 | P112: =INT(M114+N112+N114*IF(路线!B38<=3,路线!B38,3)+O112*路线!B30+O114) -> 234 | Q112: =INT(M114+N112+N114*IF(路线!B38<=3,路线!B38,3)+O112*路线!B30+O114) -> 234 | R112: =INT(M114+N112+N114*IF(路线!B38<=3,路线!B38,3)+O112*路线!B30+O114) -> 234 | S112: =P112+S111 -> 254 | W112: 4 | X112: =IF(W112=-1,0,IF(W112<=1,词条!C25,词条!D25)) -> 21 | Y112: =IF(W112=-1,0,IF(W112<=3,词条!F22,词条!G22)) -> 22 | Z112: =IF(W112=-1,0,IF(路线!C6="计算",INT(W114+X112*IF(路线!B38<=3,路线!B38,3)+X114*路线!B15+Y112*IF(路线!B37<=3,路线!B37,3)+Y114+40),INT(W114+X112*IF(路线!B38<=3,路线!B38,3)+X114*路线!B15+Y112*IF(路线!B37<=3,路线!B37,3)+Y114))) -> 337 | AA112: =IF(W112=-1,0,IF(路线!C6="计算",INT(W114+X112*IF(路线!B38<=3,路线!B38,3)+X114*路线!B18+Y112*IF(路线!B37<=3,路线!B37,3)+Y114+40),INT(W114+X112*IF(路线!B38<=3,路线!B38,3)+X114*路线!B18+Y112*IF(路线!B37<=3,路线!B37,3)+Y114))) -> 320 | AB112: =IF(W112=-1,0,IF(路线!C6="计算",INT(W114+X112*IF(路线!B38<=3,路线!B38,3)+X114*路线!B21+Y112*IF(路线!B37<=3,路线!B37,3)+Y114+40),INT(W114+X112*IF(路线!B38<=3,路线!B38,3)+X114*路线!B21+Y112*IF(路线!B37<=3,路线!B37,3)+Y114))) -> 269
M113: 基础值 | N113: 变卡 | O113: 事件 | S113: =Q112+S111 -> 254 | W113: 基础值 | X113: sp训练 | Y113: 事件
M114: =IF(M112=-1,0,INDEX(词条!C3:G3,M112+1)) -> 60 | N114: =IF(M112=-1,0,IF(M112<=2,词条!C25,词条!D25)) -> 21 | O114: =IF(M112=-1,0,CHOOSE(M112+1,词条!C2,词条!D2,词条!D2,词条!D2,词条!E2)) -> 40 | P114: 通用 | S114: =R112+S111 -> 254 | W114: =IF(W112=-1,0,INDEX(词条!C3:G3,W112+1)) -> 60 | X114: =IF(W112=-1,0,IF(W112<=2,词条!C7,词条!D7)) -> 17 | Y114: =IF(W112=-1,0,CHOOSE(W112+1,词条!C2,词条!D2,词条!D2,词条!D2,词条!E2)) -> 40 | Z114: 非凡
K116: よくやったな、倉本。（台灯） | U116: わたしと美鈴、超仲良し（运动会）
M117: 破数 | O117: 饮料 | P117: 第一属性 | Q117: 第二属性 | R117: 第三属性 | W117: 破数 | Y117: sp训练 | Z117: 第一属性 | AA117: 第二属性 | AB117: 第三属性
M118: 4 | O118: =IF(M118=-1,0,IF(M118<=3,词条!F20,词条!G20)) -> 5 | P118: =INT(M120+N120*路线!B15+O118*路线!B40+O120) -> 238 | Q118: =INT(M120+N120*路线!B18+O118*路线!B40+O120) -> 221 | R118: =INT(M120+N120*路线!B21+O118*路线!B40+O120) -> 170 | W118: 4 | Y118: =IF(W118=-1,0,IF(W118<=3,词条!F7,词条!G7)) -> 13 | Z118: =IF(W118=-1,0,INT((W120/100)*路线!B11+X120*路线!B23+Y118*路线!B15+Y120)) -> 188 | AA118: =IF(W118=-1,0,INT((W120/100)*路线!B12+X120*路线!B23+Y118*路线!B18+Y120)) -> 156 | AB118: =IF(W118=-1,0,INT((W120/100)*路线!B13+X120*路线!B23+Y118*路线!B21+Y120)) -> 81
M119: 基础值 | N119: sp训练 | O119: 事件 | P119: SP | W119: 百分比 | X119: 抓a卡 | Y119: 事件
M120: =IF(M118=-1,0,INDEX(词条!C3:G3,M118+1)) -> 60 | N120: =IF(M118=-1,0,IF(M118<=2,词条!C7,词条!D7)) -> 17 | O120: =IF(M118=-1,0,CHOOSE(M118+1,词条!C2,词条!D2,词条!D2,词条!D2,词条!E2)) -> 40 | P120: 非凡 | W120: =IF(W118=-1,0,INDEX(词条!C4:G4,W118+1)) -> 8.5 | X120: =IF(W118=-1,0,IF(W118<=2,词条!F14,词条!G14)) -> 2 | Y120: =IF(W118=-1,0,CHOOSE(W118+1,词条!C2,词条!D2,词条!D2,词条!D2,词条!E2)) -> 40 | Z120: 通用
...

Sheet 路线
A1: 第一属性 | B1: 黄 | C1: 最低sp数 | E1: 3 / 3 | H1: 总属性 | I1: =I2+I3+I4+I5+I6+I7 -> 1500 | K1: 3 / 2 / 1 | N1: 总属性 | O1: =O2+O3+O4+O5+O6+O7 -> 1457 | T1: 总属性 | U1: =U2+U3+U4+U5+U6+U7 -> 1413 | W1: 2 / 2 / 2 | Z1: 总属性 | AA1: =AA2+AA3+AA4+AA5+AA6+AA7 -> 1360 | AC1: 2 / 4 | AF1: 总属性 | AG1: =AG2+AG3+AG4+AG5+AG6+AG7 -> 1446 | AI1: 路线模拟
A2: 第二属性 | B2: 蓝 | C2: 1 | E2: =借卡计算!E23 -> 【借】新たな挑戦の成功ですわ！（黄书签） | I2: =借卡计算!I23 -> 229 | K2: =借卡计算!K23 -> 【借】新たな挑戦の成功ですわ！（黄书签） | O2: =借卡计算!O23 -> 229 | Q2: =借卡计算!Q23 -> 【借】そろそろ焼けたかな？（红薯） | U2: =借卡计算!U23 -> 222 | W2: =借卡计算!W23 -> 【借】新たな挑戦の成功ですわ！（黄书签） | AA2: =借卡计算!AA23 -> 229 | AC2: =借卡计算!AC23 -> 【借】新たな挑戦の成功ですわ！（黄书签） | AG2: =借卡计算!AG23 -> 229 | AI2: 请输入初始基础值及百分比
A3: 流派 | B3: 理性 | C3: 1 | E3: =借卡计算!E24 -> 推し活なひととき、だね！（猫头鹰） | I3: =借卡计算!I24 -> 301 | K3: =借卡计算!K24 -> 推し活なひととき、だね！（猫头鹰） | O3: =借卡计算!O24 -> 301 | Q3: =借卡计算!Q24 -> 利用し合うのが友達！（黄毛摸鱼） | U3: =借卡计算!U24 -> 254 | W3: =借卡计算!W24 -> 推し活なひととき、だね！（猫头鹰） | AA3: =借卡计算!AA24 -> 301 | AC3: =借卡计算!AC24 -> 推し活なひととき、だね！（猫头鹰） | AG3: =借卡计算!AG24 -> 301 | AI3: 基础值 | AK3: 245 | AL3: 145 | AM3: 223
A4: 道具属性 | B4: 计算 | C4: 1 | E4: =借卡计算!E25 -> ぜったい追いついてやる！（红叶） | I4: =借卡计算!I25 -> 269 | K4: =借卡计算!K25 -> ぜったい追いついてやる！（红叶） | O4: =借卡计算!O25 -> 269 | Q4: =借卡计算!Q25 -> 千奈の恩返し（恩返） | U4: =借卡计算!U25 -> 225 | W4: =借卡计算!W25 -> そろそろ焼けたかな？（红薯） | AA4: =借卡计算!AA25 -> 222 | AC4: =借卡计算!AC25 -> そろそろ焼けたかな？（红薯） | AG4: =借卡计算!AG25 -> 222 | AI4: 百分比 | AK4: 31.2 | AL4: 7 | AM4: 38.6
A5: 审查类型 | B5: 均衡 | C5: （仅主属） | E5: =借卡计算!E26 -> そろそろ焼けたかな？（红薯） | I5: =借卡计算!I26 -> 222 | K5: =借卡计算!K26 -> そろそろ焼けたかな？（红薯） | O5: =借卡计算!O26 -> 222 | Q5: =借卡计算!Q26 -> 新たな挑戦の成功ですわ！（黄书签） | U5: =借卡计算!U26 -> 229 | W5: =借卡计算!W26 -> 利用し合うのが友達！（黄毛摸鱼） | AA5: =借卡计算!AA26 -> 254 | AC5: =借卡计算!AC26 -> 利用し合うのが友達！（黄毛摸鱼） | AG5: =借卡计算!AG26 -> 254 | AI5: 请输入支援卡部分词条总加成
A6: 塞卡等效属性(20/1) | C6: 计算 | E6: =借卡计算!E27 -> 利用し合うのが友達！（黄毛摸鱼） | I6: =借卡计算!I27 -> 254 | K6: =借卡计算!K27 -> 利用し合うのが友達！（黄毛摸鱼） | O6: =借卡计算!O27 -> 254 | Q6: =借卡计算!Q27 -> 推し活なひととき、だね！（猫头鹰） | U6: =借卡计算!U27 -> 301 | W6: =借卡计算!W27 -> 2名様、ご案内～♪（毛球偷吃） | AA6: =借卡计算!AA27 -> 182 | AC6: =借卡计算!AC27 -> 千奈の恩返し（恩返） | AG6: =借卡计算!AG27 -> 225 | AI6: 训练（sp与普通之和） | AK6: 47 | AL6: 0 | AM6: 47
E7: =借卡计算!E28 -> 千奈の恩返し（恩返） | I7: =借卡计算!I28 -> 225 | K7: =借卡计算!K28 -> 2名様、ご案内～♪（毛球偷吃） | O7: =借卡计算!O28 -> 182 | Q7: =借卡计算!Q28 -> 2名様、ご案内～♪（毛球偷吃） | U7: =借卡计算!U28 -> 182 | W7: =借卡计算!W28 -> 屈辱の2位（马给马给） | AA7: =借卡计算!AA28 -> 172 | AC7: =借卡计算!AC28 -> 夏を満喫するわよ！（水枪） | AG7: =借卡计算!AG28 -> 215 | AI7: 营业 | AK7: 0 | AL7: 0 | AM7: 7
AI8: 挑战道具加成比例 | AK8: 40
D9: NIA | I9: NIA master | Q9: =IF(B1=B2,"请输入不同的第一第二属性","") | AI9: 1周SP | AJ9: 100 | AK9: 1 | AL9: 0 | AM9: 0
B10: 路线选择 | D10: NIA通常 | E10: NIA强化 | F10: NIA购物 | G10: 自定义 | I10: mas支给 | J10: mas外出 | K10: mas购物 | L10: mas买卡 | M10: mas删卡 | N10: mas外出强化 | AI10: 2周营业 | AJ10: 80 | AK10: 0 | AL10: 1 | AM10: 0
A11: 一属性值 | B11: =IF($B$5="单极",850,900) -> 900 | D11: 850 | E11: 850 | F11: 850 | G11: 850 | I11: =IF($B$5="单极",850,900) -> 900 | J11: =IF($B$5="单极",850,900) -> 900 | K11: =IF($B$5="单极",850,900) -> 900 | L11: =IF($B$5="单极",850,900) -> 900 | M11: =IF($B$5="单极",850,900) -> 900 | N11: =IF($B$5="单极",850,900) -> 900 | AI11: 4周SP | AJ11: 100 | AK11: 1 | AL11: 0 | AM11: 0
A12: 二属性值 | B12: =IF($B$5="单极",800,680) -> 680 | D12: 850 | E12: 850 | F12: 850 | G12: 850 | I12: =IF($B$5="单极",800,680) -> 680 | J12: =IF($B$5="单极",800,680) -> 680 | K12: =IF($B$5="单极",800,680) -> 680 | L12: =IF($B$5="单极",800,680) -> 680 | M12: =IF($B$5="单极",800,680) -> 680 | N12: =IF($B$5="单极",800,680) -> 680 | AI12: 5周营业 | AJ12: 80 | AK12: 0 | AL12: 1 | AM12: 0
A13: 三属性值 | B13: =IF($B$5="单极",190,250) -> 250 | D13: 250 | E13: 250 | F13: 250 | G13: 250 | I13: =IF($B$5="单极",190,250) -> 250 | J13: =IF($B$5="单极",190,250) -> 250 | K13: =IF($B$5="单极",190,250) -> 250 | L13: =IF($B$5="单极",190,250) -> 250 | M13: =IF($B$5="单极",190,250) -> 250 | N13: =IF($B$5="单极",190,250) -> 250 | AI13: 7周营业 | AJ13: 80 | AK13: 0 | AL13: 1 | AM13: 0
A14: 一属训练 | B14: =IF($B$5="单极",3,4) -> 4 | D14: 4 | E14: 4 | F14: 4 | G14: 4 | I14: =IF($B$5="单极",3,4) -> 4 | J14: =IF($B$5="单极",3,4) -> 4 | K14: =IF($B$5="单极",3,4) -> 4 | L14: =IF($B$5="单极",3,4) -> 4 | M14: =IF($B$5="单极",3,4) -> 4 | N14: =IF($B$5="单极",3,4) -> 4 | AD14: 试镜属性根据所选的第一、第二属性和审查类型计算→ | AI14: 一镜基础属性 | AK14: =ROUNDUP(IF(B5="均衡",IF(B1="红",IF(AK15<=1116,0.04766*AK15,IF(AK15>=4124,92,0.0129*AK15+38.8)),IF(B2="红",IF(AK15<=530,0.08314*AK15,IF(AK15>=1917,76,0.023*AK15+31.9)),IF(AK15<=323,0.11232*AK15,IF(AK15>=1107,62,0.0328*AK15+25.7)))),IF(B1="红",IF(AK15<=1577,0.04553*AK15,IF(AK15>=4103,116,0.0175*AK15+44.2)),IF(B2="红",IF(AK15<=542,0.07405*AK15,IF(AK15>=1914,69,0.021*AK15+28.8)),IF(AK15<=618,0.05239*AK15,IF(AK15>=1066,46,0.0304*AK15+13.6))))),0) -> 62 | AL14: =ROUNDUP(IF(B5="均衡",IF(B1="蓝",IF(AL15<=1116,0.04766*AL15,IF(AL15>=4124,92,0.0129*AL15+38.8)),IF(B2="蓝",IF(AL15<=530,0.08314*AL15,IF(AL15>=1917,76,0.023*AL15+31.9)),IF(AL15<=323,0.11232*AL15,IF(AL15>=1107,62,0.0328*AL15+25.7)))),IF(B1="蓝",IF(AL15<=1577,0.04553*AL15,IF(AL15>=4103,116,0.0175*AL15+44.2)),IF(B2="蓝",IF(AL15<=542,0.07405*AL15,IF(AL15>=1914,69,0.021*AL15+28.8)),IF(AL15<=618,0.05239*AL15,IF(AL15>=1066,46,0.0304*AL15+13.6))))),0) -> 76 | AM14: =ROUNDUP(IF(B5="均衡",IF(B1="黄",IF(AM15<=1116,0.04766*AM15,IF(AM15>=4124,92,0.0129*AM15+38.8)),IF(B2="黄",IF(AM15<=530,0.08314*AM15,IF(AM15>=1917,76,0.023*AM15+31.9)),IF(AM15<=323,0.11232*AM15,IF(AM15>=1107,62,0.0328*AM15+25.7)))),IF(B1="黄",IF(AM15<=1577,0.04553*AM15,IF(AM15>=4103,116,0.0175*AM15+44.2)),IF(B2="黄",IF(AM15<=542,0.07405*AM15,IF(AM15>=1914,69,0.021*AM15+28.8)),IF(AM15<=618,0.05239*AM15,IF(AM15>=1066,46,0.0304*AM15+13.6))))),0) -> 86
A15: 一属sp | B15: =IF($B$5="单极",3,4) -> 4 | D15: 4 | E15: 4 | F15: 4 | G15: 4 | I15: =IF($B$5="单极",3,4) -> 4 | J15: =IF($B$5="单极",3,4) -> 4 | K15: =IF($B$5="单极",3,4) -> 4 | L15: =IF($B$5="单极",3,4) -> 4 | M15: =IF($B$5="单极",3,4) -> 4 | N15: =IF($B$5="单极",3,4) -> 4 | AI15: 打分 | AK15: 3689 | AL15: 2823 | AM15: 3626
A16: 一属通常 | B16: 0 | D16: 0 | E16: 0 | F16: 0 | G16: 0 | I16: 0 | J16: 0 | K16: 0 | L16: 0 | M16: 0 | N16: 0 | AI16: 结算属性 | AK16: =AK14+INT(AK14*AK4/100)+INT(AK14*AK8/100) -> 105 | AL16: =AL14+INT(AL14*AL4/100)+INT(AL14*AK8/100) -> 111 | AM16: =AM14+INT(AM14*AM4/100)+INT(AM14*AK8/100) -> 153
A17: 二属训练 | B17: =IF($B$5="单极",4,3) -> 3 | D17: 4 | E17: 4 | F17: 4 | G17: 4 | I17: =IF($B$5="单极",4,3) -> 3 | J17: =IF($B$5="单极",4,3) -> 3 | K17: =IF($B$5="单极",4,3) -> 3 | L17: =IF($B$5="单极",4,3) -> 3 | M17: =IF($B$5="单极",4,3) -> 3 | N17: =IF($B$5="单极",4,3) -> 3 | AI17: 11周SP | AJ17: 120 | AK17: 0 | AL17: 0 | AM17: 1
A18: 二属sp | B18: =IF($B$5="单极",4,3) -> 3 | D18: 4 | E18: 4 | F18: 4 | G18: 4 | I18: =IF($B$5="单极",4,3) -> 3 | J18: =IF($B$5="单极",4,3) -> 3 | K18: =IF($B$5="单极",4,3) -> 3 | L18: =IF($B$5="单极",4,3) -> 3 | M18: =IF($B$5="单极",4,3) -> 3 | N18: =IF($B$5="单极",4,3) -> 3 | AI18: 12周营业 | AJ18: 110 | AK18: 0 | AL18: 1 | AM18: 0
A19: 二属通常 | B19: 0 | D19: 0 | E19: 0 | F19: 0 | G19: 0 | I19: 0 | J19: 0 | K19: 0 | L19: 0 | M19: 0 | N19: 0 | AI19: 14周SP | AJ19: 120 | AK19: 0 | AL19: 0 | AM19: 1
A20: 三属训练 | B20: 0 | D20: 0 | E20: 0 | F20: 0 | G20: 0 | I20: 0 | J20: 0 | K20: 0 | L20: 0 | M20: 0 | N20: 0 | AI20: 15周营业 | AJ20: 110 | AK20: 0 | AL20: 1 | AM20: 0
A21: 三属sp | B21: 0 | D21: 0 | E21: 0 | F21: 0 | G21: 0 | I21: 0 | J21: 0 | K21: 0 | L21: 0 | M21: 0 | N21: 0 | AI21: 二镜基础属性 | AK21: =ROUNDUP(IF(B5="均衡",IF(B1="红",IF(AK22<=13245,0.005247*AK22,IF(AK22>=46026,119,0.00151*AK22+49.5)),IF(B2="红",IF(AK22<=6292,0.009123*AK22,IF(AK22>=21498,98,0.00267*AK22+40.6)),IF(AK22<=4060,0.01182*AK22,IF(AK22>=12183,80,0.00394*AK22+32)))),IF(B1="红",IF(AK22<=11521,0.007386*AK22,IF(AK22>=46250,149,0.00184*AK22+63.9)),IF(B2="红",IF(AK22<=4806,0.0104226*AK22,IF(AK22>=21502,89,0.00233*AK22+38.9)),IF(AK22<=3093,0.010926*AK22,IF(AK22>=12158,59,0.00278*AK22+25.2))))),0) -> 80 | AL21: =ROUNDUP(IF(B5="均衡",IF(B1="蓝",IF(AL22<=13245,0.005247*AL22,IF(AL22>=46026,119,0.00151*AL22+49.5)),IF(B2="蓝",IF(AL22<=6292,0.009123*AL22,IF(AL22>=21498,98,0.00267*AL22+40.6)),IF(AL22<=4060,0.01182*AL22,IF(AL22>=12183,80,0.00394*AL22+32)))),IF(B1="蓝",IF(AL22<=11521,0.007386*AL22,IF(AL22>=46250,149,0.00184*AL22+63.9)),IF(B2="蓝",IF(AL22<=4806,0.0104226*AL22,IF(AL22>=21502,89,0.00233*AL22+38.9)),IF(AL22<=3093,0.010926*AL22,IF(AL22>=12158,59,0.00278*AL22+25.2))))),0) -> 89 | AM21: =ROUNDUP(IF(B5="均衡",IF(B1="黄",IF(AM22<=13245,0.005247*AM22,IF(AM22>=46026,119,0.00151*AM22+49.5)),IF(B2="黄",IF(AM22<=6292,0.009123*AM22,IF(AM22>=21498,98,0.00267*AM22+40.6)),IF(AM22<=4060,0.01182*AM22,IF(AM22>=12183,80,0.00394*AM22+32)))),IF(B1="黄",IF(AM22<=11521,0.007386*AM22,IF(AM22>=46250,149,0.00184*AM22+63.9)),IF(B2="黄",IF(AM22<=4806,0.0104226*AM22,IF(AM22>=21502,89,0.00233*AM22+38.9)),IF(AM22<=3093,0.010926*AM22,IF(AM22>=12158,59,0.00278*AM22+25.2))))),0) -> 119
A22: 三属通常 | B22: 0 | D22: 0 | E22: 0 | F22: 0 | G22: 0 | I22: 0 | J22: 0 | K22: 0 | L22: 0 | M22: 0 | N22: 0 | AI22: 打分 | AK22: 17701 | AL22: 18077 | AM22: 85615
A23: 抓a卡 | B23: 10 | D23: 4 | E23: 4 | F23: 4 | G23: 4 | I23: 8 | J23: 6 | K23: 8 | L23: 15 | M23: 10 | N23: 6 | AI23: 结算属性 | AK23: =AK21+INT(AK21*AK4/100)+INT(AK21*AK8/100) -> 136 | AL23: =AL21+INT(AL21*AL4/100)+INT(AL21*AK8/100) -> 130 | AM23: =AM21+INT(AM21*AM4/100)+INT(AM21*AK8/100) -> 211
A24: 抓m卡 | B24: 12 | D24: 8 | E24: 8 | F24: 8 | G24: 8 | I24: 16 | J24: 14 | K24: 16 | L24: 15 | M24: 12 | N24: 14 | AI24: 19周SP | AJ24: 150 | AK24: 0 | AL24: 0 | AM24: 1
A25: 抓好调卡 | B25: 12 | D25: 5 | E25: 5 | F25: 5 | G25: 5 | I25: 12 | J25: 10 | K25: 12 | L25: 14 | M25: 12 | N25: 10 | AI25: 20周营业 | AJ25: 130 | AK25: 0 | AL25: 1 | AM25: 0
A26: 抓温存卡 | B26: 17 | D26: 7 | E26: 7 | F26: 7 | G26: 7 | I26: 17 | J26: 15 | K26: 17 | L26: 19 | M26: 17 | N26: 15 | AI26: 22周SP | AJ26: 150 | AK26: 1 | AL26: 0 | AM26: 0
A27: 抓好印象卡 | B27: 17 | D27: 9 | E27: 9 | F27: 9 | G27: 9 | I27: 17 | J27: 15 | K27: 17 | L27: 19 | M27: 17 | N27: 15 | AI27: 23周营业 | AJ27: 130 | AK27: 0 | AL27: 1 | AM27: 0
A28: a强化 | B28: 2 | D28: 1 | E28: 1 | F28: 1 | G28: 1 | I28: 2 | J28: 2 | K28: 2 | L28: 2 | M28: 2 | N28: 2 | AI28: 24周SP | AJ28: 150 | AK28: 1 | AL28: 0 | AM28: 0
A29: m强化 | B29: 2 | D29: 3 | E29: 8 | F29: 2 | G29: 3 | I29: 2 | J29: 5 | K29: 2 | L29: 2 | M29: 2 | N29: 14 | AI29: 三镜基础属性 | AK29: =ROUNDUP(IF(B5="均衡",IF(B1="红",IF(AK30<=35048,0.0028132*AK30,IF(AK30>=137135,172,0.000719*AK30+73.4)),IF(B2="红",IF(AK30<=14400,0.0055556*AK30,IF(AK30>=64000,142,0.00125*AK30+62)),IF(AK30<=10000,0.00672*AK30,IF(AK30>=36522,116,0.00184*AK30+48.8)))),IF(B1="红",IF(AK30<=38997,0.0032156*AK30,IF(AK30>=136601,215,0.000918*AK30+89.6)),IF(B2="红",IF(AK30<=18135,0.0041465*AK30,IF(AK30>=63729,129,0.00118*AK30+53.8)),IF(AK30<=9927,0.0050166*AK30,IF(AK30>=36350,86,0.00137*AK30+36.2))))),0) -> 116 | AL29: =ROUNDUP(IF(B5="均衡",IF(B1="蓝",IF(AL30<=35048,0.0028132*AL30,IF(AL30>=137135,172,0.000719*AL30+73.4)),IF(B2="蓝",IF(AL30<=14400,0.0055556*AL30,IF(AL30>=64000,142,0.00125*AL30+62)),IF(AL30<=10000,0.00672*AL30,IF(AL30>=36522,116,0.00184*AL30+48.8)))),IF(B1="蓝",IF(AL30<=38997,0.0032156*AL30,IF(AL30>=136601,215,0.000918*AL30+89.6)),IF(B2="蓝",IF(AL30<=18135,0.0041465*AL30,IF(AL30>=63729,129,0.00118*AL30+53.8)),IF(AL30<=9927,0.0050166*AL30,IF(AL30>=36350,86,0.00137*AL30+36.2))))),0) -> 118 | AM29: =ROUNDUP(IF(B5="均衡",IF(B1="黄",IF(AM30<=35048,0.0028132*AM30,IF(AM30>=137135,172,0.000719*AM30+73.4)),IF(B2="黄",IF(AM30<=14400,0.0055556*AM30,IF(AM30>=64000,142,0.00125*AM30+62)),IF(AM30<=10000,0.00672*AM30,IF(AM30>=36522,116,0.00184*AM30+48.8)))),IF(B1="黄",IF(AM30<=38997,0.0032156*AM30,IF(AM30>=136601,215,0.000918*AM30+89.6)),IF(B2="黄",IF(AM30<=18135,0.0041465*AM30,IF(AM30>=63729,129,0.00118*AM30+53.8)),IF(AM30<=9927,0.0050166*AM30,IF(AM30>=36350,86,0.00137*AM30+36.2))))),0) -> 172
A30: 营业 | B30: 7 | D30: 7 | E30: 7 | F30: 7 | G30: 7 | I30: 7 | J30: 7 | K30: 7 | L30: 7 | M30: 7 | N30: 7 | AI30: 打分 | AK30: 73823 | AL30: 44056 | AM30: 297035
A31: 外出 | B31: 0 | D31: 5 | E31: 5 | F31: 2 | G31: 5 | I31: 1 | J31: 5 | K31: 1 | L31: 0 | M31: 0 | N31: 5 | AI31: 结算属性 | AK31: =AK29+INT(AK29*AK4/100)+INT(AK29*AK8/100) -> 198 | AL31: =AL29+INT(AL29*AL4/100)+INT(AL29*AK8/100) -> 173 | AM31: =AM29+INT(AM29*AM4/100)+INT(AM29*AK8/100) -> 306
A32: 休息 | B32: 2 | D32: 0 | E32: 0 | F32: 0 | G32: 0 | I32: 0 | J32: 0 | K32: 0 | L32: 2 | M32: 2 | N32: 0 | AG32: 总和 | AH32: =AK32+AL32+AM32 -> 4849 | AI32: 最终属性 | AK32: =AK3+AK16+AK23+AK31+INT(IF(AK9=1,AJ9*(1+AK4/100)+AK6,0))+INT(IF(AK11=1,AJ11*(1+AK4/100)+AK6,0))+INT(IF(AK17=1,AJ17*(1+AK4/100)+AK6,0))+INT(IF(AK19=1,AJ19*(1+AK4/100)+AK6,0))+INT(IF(AK24=1,AJ24*(1+AK4/100)+AK6,0))+INT(IF(AK26=1,AJ26*(1+AK4/100)+AK6,0))+INT(IF(AK28=1,AJ28*(1+AK4/100)+AK6,0))+IF(AK10=1,AJ10,0)+IF(AK12=1,AJ12,0)+IF(AK13=1,AJ13,0)+IF(AK18=1,AJ18,0)+IF(AK20=1,AJ20,0)+IF(AK25=1,AJ25,0)+IF(AK27=1,AJ27,0)+AK7*B30+AK34*B23+AK35*B24+AK36*B28+AK37*B29+AK38*B31+AK39*B32+AK40*B33+AK41*B34+AK42*B36+AK43*B37+AK44*B38+AK45*B39+AK46*B40+AK47*B25+AK48*B26+AK49*B27+AK50+AK51+AK52+AK53*B41 -> 1692 | AL32: =AL3+AL16+AL23+AL31+INT(IF(AL9=1,AJ9*(1+AL4/100)+AL6,0))+INT(IF(AL11=1,AJ11*(1+AL4/100)+AL6,0))+INT(IF(AL17=1,AJ17*(1+AL4/100)+AL6,0))+INT(IF(AL19=1,AJ19*(1+AL4/100)+AL6,0))+INT(IF(AL24=1,AJ24*(1+AL4/100)+AL6,0))+INT(IF(AL26=1,AJ26*(1+AL4/100)+AL6,0))+INT(IF(AL28=1,AJ28*(1+AL4/100)+AL6,0))+IF(AL10=1,AJ10,0)+IF(AL12=1,AJ12,0)+IF(AL13=1,AJ13,0)+IF(AL18=1,AJ18,0)+IF(AL20=1,AJ20,0)+IF(AL25=1,AJ25,0)+IF(AL27=1,AJ27,0)+AL7*B30+AL34*B23+AL35*B24+AL36*B28+AL37*B29+AL38*B31+AL39*B32+AL40*B33+AL41*B34+AL42*B36+AL43*B37+AL44*B38+AL45*B39+AL46*B40+AL47*B25+AL48*B26+AL49*B27+AL50+AL51+AL52+AL53*B41 -> 1279 | AM32: =AM3+AM16+AM23+AM31+INT(IF(AM9=1,AJ9*(1+AM4/100)+AM6,0))+INT(IF(AM11=1,AJ11*(1+AM4/100)+AM6,0))+INT(IF(AM17=1,AJ17*(1+AM4/100)+AM6,0))+INT(IF(AM19=1,AJ19*(1+AM4/100)+AM6,0))+INT(IF(AM24=1,AJ24*(1+AM4/100)+AM6,0))+INT(IF(AM26=1,AJ26*(1+AM4/100)+AM6,0))+INT(IF(AM28=1,AJ28*(1+AM4/100)+AM6,0))+IF(AM10=1,AJ10,0)+IF(AM12=1,AJ12,0)+IF(AM13=1,AJ13,0)+IF(AM18=1,AJ18,0)+IF(AM20=1,AJ20,0)+IF(AM25=1,AJ25,0)+IF(AM27=1,AJ27,0)+AM7*B30+AM34*B23+AM35*B24+AM36*B28+AM37*B29+AM38*B31+AM39*B32+AM40*B33+AM41*B34+AM42*B36+AM43*B37+AM44*B38+AM45*B39+AM46*B40+AM47*B25+AM48*B26+AM49*B27+AM50+AM51+AM52+AM53*B41 -> 1878
A33: 相谈 | B33: 4 | D33: 1 | E33: 1 | F33: 3 | G33: 1 | I33: 3 | J33: 1 | K33: 3 | L33: 3 | M33: 4 | N33: 1 | AI33: 其余支援卡词条加成
A34: 支给 | B34: 3 | D34: 0 | E34: 0 | F34: 0 | G34: 0 | I34: 3 | J34: 0 | K34: 3 | L34: 4 | M34: 3 | N34: 0 | AG34: 包括抓任意卡 | AI34: 抓a卡 | AK34: 3 | AL34: 0 | AM34: 0
A35: 删卡 | B35: 10 | D35: 3 | E35: 3 | F35: 3 | G35: 3 | I35: 8 | J35: 6 | K35: 6 | L35: 6 | M35: 10 | N35: 6 | AI35: 抓m卡 | AK35: 0 | AL35: 0 | AM35: 0
A36: 删m卡 | B36: 3 | D36: 3 | E36: 3 | F36: 3 | G36: 3 | I36: 3 | J36: 3 | K36: 3 | L36: 3 | M36: 3 | N36: 3 | AG36: 包括任意强化 | AI36: a强化 | AK36: 0 | AL36: 0 | AM36: 8
A37: 删a卡 | B37: 3 | D37: 3 | E37: 3 | F37: 3 | G37: 3 | I37: 3 | J37: 3 | K37: 3 | L37: 3 | M37: 3 | N37: 3 | AI37: m强化 | AK37: 7 | AL37: 0 | AM37: 8
A38: 变卡 | B38: 3 | D38: 3 | E38: 3 | F38: 3 | G38: 3 | I38: 3 | J38: 3 | K38: 3 | L38: 3 | M38: 3 | N38: 3 | AI38: 外出 | AK38: 0 | AL38: 0 | AM38: 0
A39: 相谈饮料 | B39: 2 | D39: 2 | E39: 0 | F39: 11 | G39: 2 | I39: 2 | J39: 0 | K39: 12 | L39: 2 | M39: 2 | N39: 0 | AI39: 休息 | AK39: 0 | AL39: 0 | AM39: 0
A40: 饮料 | B40: 14 | D40: 6 | E40: 4 | F40: 14 | G40: 6 | I40: 14 | J40: 10 | K40: 16 | L40: 10 | M40: 14 | N40: 10 | AI40: 相谈 | AK40: 0 | AL40: 0 | AM40: 0
A41: 指导 | B41: 6 | D41: 3 | E41: 3 | F41: 3 | G41: 3 | I41: 6 | J41: 6 | K41: 6 | L41: 6 | M41: 6 | N41: 6 | AI41: 支给 | AK41: 0 | AL41: 0 | AM41: 0
AG42: 包括删任意卡 | AI42: 删m卡 | AK42: 0 | AL42: 0 | AM42: 17
Y43: 评级计算器 | AI43: 删a卡 | AK43: 0 | AL43: 0 | AM43: 0
A44: 根据预设改变路线选择直接将预设下所有数据复制粘贴至路线选择下即可 | Y44: 三镜前属性 | AA44: 1556 | AB44: 1072 | AC44: 1597 | AI44: 变卡 | AK44: 0 | AL44: 0 | AM44: 21
Y45: 百分比 | AA45: 31.2 | AB45: 7 | AC45: 38.6 | AI45: 相谈饮料 | AK45: 0 | AL45: 0 | AM45: 0
Y46: 挑战道具加成比例 | AA46: 40 | AI46: 饮料 | AK46: 0 | AL46: 0 | AM46: 0
Y47: 三镜前粉丝 | AA47: 102051 | AI47: 抓好调卡 | AK47: 0 | AL47: 0 | AM47: 0
Y48: 基础属性 | AA48: =ROUNDUP(IF(B5="均衡",IF(B1="红",IF(AA49<=35048,0.0028132*AA49,IF(AA49>=137135,172,0.000719*AA49+73.4)),IF(B2="红",IF(AA49<=14400,0.0055556*AA49,IF(AA49>=64000,142,0.00125*AA49+62)),IF(AA49<=10000,0.00672*AA49,IF(AA49>=36522,116,0.00184*AA49+48.8)))),IF(B1="红",IF(AA49<=38997,0.0032156*AA49,IF(AA49>=136601,215,0.000918*AA49+89.6)),IF(B2="红",IF(AA49<=18135,0.0041465*AA49,IF(AA49>=63729,129,0.00118*AA49+53.8)),IF(AA49<=9927,0.0050166*AA49,IF(AA49>=36350,86,0.00137*AA49+36.2))))),0) -> 116 | AB48: =ROUNDUP(IF(B5="均衡",IF(B1="蓝",IF(AB49<=35048,0.0028132*AB49,IF(AB49>=137135,172,0.000719*AB49+73.4)),IF(B2="蓝",IF(AB49<=14400,0.0055556*AB49,IF(AB49>=64000,142,0.00125*AB49+62)),IF(AB49<=10000,0.00672*AB49,IF(AB49>=36522,116,0.00184*AB49+48.8)))),IF(B1="蓝",IF(AB49<=38997,0.0032156*AB49,IF(AB49>=136601,215,0.000918*AB49+89.6)),IF(B2="蓝",IF(AB49<=18135,0.0041465*AB49,IF(AB49>=63729,129,0.00118*AB49+53.8)),IF(AB49<=9927,0.0050166*AB49,IF(AB49>=36350,86,0.00137*AB49+36.2))))),0) -> 118 | AC48: =ROUNDUP(IF(B5="均衡",IF(B1="黄",IF(AC49<=35048,0.0028132*AC49,IF(AC49>=137135,172,0.000719*AC49+73.4)),IF(B2="黄",IF(AC49<=14400,0.0055556*AC49,IF(AC49>=64000,142,0.00125*AC49+62)),IF(AC49<=10000,0.00672*AC49,IF(AC49>=36522,116,0.00184*AC49+48.8)))),IF(B1="黄",IF(AC49<=38997,0.0032156*AC49,IF(AC49>=136601,215,0.000918*AC49+89.6)),IF(B2="黄",IF(AC49<=18135,0.0041465*AC49,IF(AC49>=63729,129,0.00118*AC49+53.8)),IF(AC49<=9927,0.0050166*AC49,IF(AC49>=36350,86,0.00137*AC49+36.2))))),0) -> 172 | AI48: 抓温存卡 | AK48: 0 | AL48: 0 | AM48: 0
Y49: 打分 | AA49: 73823 | AB49: 44056 | AC49: 297035 | AD49: =AA49+AB49+AC49 -> 414914 | AI49: 抓好印象卡 | AK49: 0 | AL49: 0 | AM49: 0
Q50: =AA48+INT(AA48*AA45/100)+INT(AA48*AA46/100)+AA44 -> 1754 | R50: =AB48+INT(AB48*AB45/100)+INT(AB48*AA46/100)+AB44 -> 1245 | S50: =AC48+INT(AC48*AC45/100)+INT(AC48*AA46/100)+AC44 -> 1903 | Y50: 结算属性 | AA50: =IF(Q50>=2300,2300,Q50) -> 1754 | AB50: =IF(R50>=2300,2300,R50) -> 1245 | AC50: =IF(S50>=2300,2300,S50) -> 1903 | AI50: 试镜结束 | AK50: 17 | AL50: 0 | AM50: 0
Y51: 结算粉丝 | AA51: =INT(IF(AD49<=260115,0.114*AD49+5481,IF(AD49<=621213,0.0273*AD49+28033,IF(AD49>=1200808,49002,0.00619*AD49+41569))))+AA47 -> 141411 | AI51: 属性事件 | AK51: 105 | AL51: 0 | AM51: 110
V52: 暂只支持10w粉丝以上计算 | Y52: 最终评级 | AA52: =INT((AA50+AB50+AC50)*2.3)+INT(IF(AA51<120000,AA51*0.05+2600,IF(AA51<140000,AA51*0.04+3800,AA51*0.03+5200))) -> 20716 | AC52: =IF(AA52>=23000,"SSS+",IF(AA52>=20000,"SSS",IF(AA52>=18000,"SS+",IF(AA52>=16000,"SS","SS以下")))) -> SSS | AD52: 概率出现小额偏差 | AI52: 道具属性 | AK52: 0 | AL52: 0 | AM52: 0
AI53: 指导 | AK53: 0 | AL53: 0 | AM53: 0

Sheet 词条
A1: =IF(AQ4=-1,0,INDEX(I3,AQ4+1)) -> 33 | B1: SSR | H1: SR
A2: 事件 | C2: 30 | D2: 35 | E2: 40 | I2: 22 | J2: 26 | K2: 30
A3: 基础值 | C3: 48 | D3: 51 | E3: 54 | F3: 57 | G3: 60 | I3: 33 | J3: 36 | K3: 39 | L3: 42 | M3: 45
A4: 百分比 | C4: 6.5 | D4: 7 | E4: 7.5 | F4: 8 | G4: 8.5 | I4: 4.4 | J4: 4.9 | K4: 5.4 | L4: 5.9 | M4: 6.4
A5: 休息 | C5: 17 | D5: 22 | I5: 9 | J5: 17
A6: 训练 | C6: 4 | D6: 6 | F6: 3 | G6: 4 | I6: 2 | J6: 4
A7: sp训练 | C7: 13 | D7: 17 | F7: 9 | G7: 13 | I7: 7 | J7: 13
A8: 通常训练 | I8: 7 | J8: 13
A9: 强化 | C9: 3 | D9: 4 | I9: 2 | J9: 3
A10: m强化 | C10: 7 | D10: 9 | F10: 5 | G10: 7 | I10: 4 | J10: 6
A11: a强化 | C11: 7 | D11: 9 | F11: 5 | G11: 7
A12: 支给 | C12: 12 | D12: 17 | I12: 6 | J12: 11
A13: 抓m卡 | C13: 2 | D13: 3 | F13: 1 | G13: 2
A14: 抓a卡 | C14: 2 | D14: 3 | F14: 1 | G14: 2
A15: 抓卡 | I15: 1 | J15: 2
A16: 营业 | C16: 5 | D16: 7 | F16: 4 | G16: 5 | I16: 3 | J16: 5
A17: 外出 | C17: 11 | D17: 15 | I17: 5 | J17: 10
A18: 相谈 | C18: 8 | D18: 11 | F18: 6 | G18: 8 | I18: 4 | J18: 8
A19: 试验终了 | C19: 17 | D19: 22 | F19: 11 | G19: 17 | I19: 9 | J19: 17
A20: 饮料 | C20: 8 | D20: 11 | F20: 4 | G20: 5 | I20: 4 | J20: 8
A21: 抓好调卡 | C21: 3 | D21: 4
A22: 删卡 | C22: 8 | D22: 11 | E22: 次限 | F22: 17 | G22: 22 | I22: 4 | J22: 8 | K22: 次限 | L22: 8 | M22: 16
A23: 抓温存卡 | C23: 3 | D23: 4
A24: 抓好印象卡 | C24: 3 | D24: 4 | I24: 2 | J24: 3
A25: 变卡 | C25: 16 | D25: 21
A26: 指导 | C26: 8 | D26: 11

Sheet 第一属性比较
D1: 属性值 | E1: 流派 | F1: sp | G1: 属性 | H1: 污染 | I1: 带出道具或S卡 | J1: 满破属性 | L1: 红感性 | M1: 红理性 | N1: 红非凡 | O1: 蓝感性 | P1: 蓝理性 | Q1: 蓝非凡 | R1: 黄感性 | S1: 黄理性 | T1: 黄非凡 | U1: 红感性sp | V1: 蓝感性sp | W1: 黄感性sp | X1: 红理性sp | Y1: 蓝理性sp | Z1: 黄理性sp | AA1: 红非凡sp | AB1: 蓝非凡sp | AC1: 黄非凡sp | AD1: 红借卡感性非sp | AE1: 蓝借卡感性非sp | AF1: 黄借卡感性非sp | AG1: 红借卡感性sp | AH1: 蓝借卡感性sp | AI1: 黄借卡感性sp | AJ1: 红借卡理性非sp | AK1: 蓝借卡理性非sp | AL1: 黄借卡理性非sp | AM1: 红借卡理性sp | AN1: 蓝借卡理性sp | AO1: 黄借卡理性sp | AP1: 红借卡非凡非sp | AQ1: 蓝借卡非凡非sp | AR1: 黄借卡非凡非sp | AS1: 红借卡非凡sp | AT1: 蓝借卡非凡sp | AU1: 黄借卡非凡sp
A2: 相変わらず不器用ね（幼驯染） | D2: =持有情况!F100-ROW()*0.00001 -> 235.99998 | E2: 2 | F2: 0 | G2: 1 | H2: 0 | J2: =INT(60+4*路线!B27+17*路线!B15+15*路线!B31+40)-ROW()*0.00001 -> 235.99998 | L2: =IF(AND(OR(E2=1,E2=0),G2=1),D2,"") | M2: =IF(AND(OR(E2=2,E2=0),G2=1),D2,"") -> 235.99998 | N2: =IF(AND(OR(E2=3,E2=0),G2=1),D2,"") | O2: =IF(AND(OR(E2=1,E2=0),G2=2),D2,"") | P2: =IF(AND(OR(E2=2,E2=0),G2=2),D2,"") | Q2: =IF(AND(OR(E2=3,E2=0),G2=2),D2,"") | R2: =IF(AND(OR(E2=1,E2=0),G2=3),D2,"") | S2: =IF(AND(OR(E2=2,E2=0),G2=3),D2,"") | T2: =IF(AND(OR(E2=3,E2=0),G2=3),D2,"") | U2: =IF(AND(OR(E2=1,E2=0),G2=1,F2=1),D2,"") | V2: =IF(AND(OR(E2=1,E2=0),G2=2,F2=1),D2,"") | W2: =IF(AND(OR(E2=1,E2=0),G2=3,F2=1),D2,"") | X2: =IF(AND(OR(E2=2,E2=0),G2=1,F2=1),D2,"") | Y2: =IF(AND(OR(E2=2,E2=0),G2=2,F2=1),D2,"") | Z2: =IF(AND(OR(E2=2,E2=0),G2=3,F2=1),D2,"") | AA2: =IF(AND(OR(E2=3,E2=0),G2=1,F2=1),D2,"") | AB2: =IF(AND(OR(E2=3,E2=0),G2=2,F2=1),D2,"") | AC2: =IF(AND(OR(E2=3,E2=0),G2=3,F2=1),D2,"") | AD2: =IF(AND(OR(E2=1,E2=0),G2=1,F2=0),J2,"") | AE2: =IF(AND(OR(E2=1,E2=0),G2=2,F2=0),J2,"") | AF2: =IF(AND(OR(E2=1,E2=0),G2=3,F2=0),J2,"") | AG2: =IF(AND(OR(E2=1,E2=0),G2=1,F2=1),J2,"") | AH2: =IF(AND(OR(E2=1,E2=0),G2=2,F2=1),J2,"") | AI2: =IF(AND(OR(E2=1,E2=0),G2=3,F2=1),J2,"") | AJ2: =IF(AND(OR(E2=2,E2=0),G2=1,F2=0),J2,"") -> 235.99998 | AK2: =IF(AND(OR(E2=2,E2=0),G2=2,F2=0),J2,"") | AL2: =IF(AND(OR(E2=2,E2=0),G2=3,F2=0),J2,"") | AM2: =IF(AND(OR(E2=2,E2=0),G2=1,F2=1),J2,"") | AN2: =IF(AND(OR(E2=2,E2=0),G2=2,F2=1),J2,"") | AO2: =IF(AND(OR(E2=2,E2=0),G2=3,F2=1),J2,"") | AP2: =IF(AND(OR(E2=3,E2=0),G2=1,F2=0),J2,"") | AQ2: =IF(AND(OR(E2=3,E2=0),G2=2,F2=0),J2,"") | AR2: =IF(AND(OR(E2=3,E2=0),G2=3,F2=0),J2,"") | AS2: =IF(AND(OR(E2=3,E2=0),G2=1,F2=1),J2,"") | AT2: =IF(AND(OR(E2=3,E2=0),G2=2,F2=1),J2,"") | AU2: =IF(AND(OR(E2=3,E2=0),G2=3,F2=1),J2,"")
A3: 夏を満喫するわよ！（水枪） | D3: =持有情况!P46-ROW()*0.00001 -> 250.99997 | E3: 2 | F3: 0 | G3: 2 | H3: 1 | I3: 水枪 | J3: =INT((8.5/100)*路线!B11+9*路线!B29+17*路线!B15+7*路线!B30+40)-ROW()*0.00001 -> 250.99997 | L3: =IF(AND(OR(E3=1,E3=0),G3=1),D3,"") | M3: =IF(AND(OR(E3=2,E3=0),G3=1),D3,"") | N3: =IF(AND(OR(E3=3,E3=0),G3=1),D3,"") | O3: =IF(AND(OR(E3=1,E3=0),G3=2),D3,"") | P3: =IF(AND(OR(E3=2,E3=0),G3=2),D3,"") -> 250.99997 | Q3: =IF(AND(OR(E3=3,E3=0),G3=2),D3,"") | R3: =IF(AND(OR(E3=1,E3=0),G3=3),D3,"") | S3: =IF(AND(OR(E3=2,E3=0),G3=3),D3,"") | T3: =IF(AND(OR(E3=3,E3=0),G3=3),D3,"") | U3: =IF(AND(OR(E3=1,E3=0),G3=1,F3=1),D3,"") | V3: =IF(AND(OR(E3=1,E3=0),G3=2,F3=1),D3,"") | W3: =IF(AND(OR(E3=1,E3=0),G3=3,F3=1),D3,"") | X3: =IF(AND(OR(E3=2,E3=0),G3=1,F3=1),D3,"") | Y3: =IF(AND(OR(E3=2,E3=0),G3=2,F3=1),D3,"") | Z3: =IF(AND(OR(E3=2,E3=0),G3=3,F3=1),D3,"") | AA3: =IF(AND(OR(E3=3,E3=0),G3=1,F3=1),D3,"") | AB3: =IF(AND(OR(E3=3,E3=0),G3=2,F3=1),D3,"") | AC3: =IF(AND(OR(E3=3,E3=0),G3=3,F3=1),D3,"") | AD3: =IF(AND(OR(E3=1,E3=0),G3=1,F3=0),J3,"") | AE3: =IF(AND(OR(E3=1,E3=0),G3=2,F3=0),J3,"") | AF3: =IF(AND(OR(E3=1,E3=0),G3=3,F3=0),J3,"") | AG3: =IF(AND(OR(E3=1,E3=0),G3=1,F3=1),J3,"") | AH3: =IF(AND(OR(E3=1,E3=0),G3=2,F3=1),J3,"") | AI3: =IF(AND(OR(E3=1,E3=0),G3=3,F3=1),J3,"") | AJ3: =IF(AND(OR(E3=2,E3=0),G3=1,F3=0),J3,"") | AK3: =IF(AND(OR(E3=2,E3=0),G3=2,F3=0),J3,"") -> 250.99997 | AL3: =IF(AND(OR(E3=2,E3=0),G3=3,F3=0),J3,"") | AM3: =IF(AND(OR(E3=2,E3=0),G3=1,F3=1),J3,"") | AN3: =IF(AND(OR(E3=2,E3=0),G3=2,F3=1),J3,"") | AO3: =IF(AND(OR(E3=2,E3=0),G3=3,F3=1),J3,"") | AP3: =IF(AND(OR(E3=3,E3=0),G3=1,F3=0),J3,"") | AQ3: =IF(AND(OR(E3=3,E3=0),G3=2,F3=0),J3,"") | AR3: =IF(AND(OR(E3=3,E3=0),G3=3,F3=0),J3,"") | AS3: =IF(AND(OR(E3=3,E3=0),G3=1,F3=1),J3,"") | AT3: =IF(AND(OR(E3=3,E3=0),G3=2,F3=1),J3,"") | AU3: =IF(AND(OR(E3=3,E3=0),G3=3,F3=1),J3,"")
A4: ここから始まるんだね！（相册） | D4: =持有情况!P106-ROW()*0.00001 -> 342.99996 | E4: 1 | F4: 0 | G4: 2 | H4: 1 | I4: 相册 | J4: =INT((8.5/100)*路线!B11+11*路线!B35+17*路线!B15+7*路线!B30+40)-ROW()*0.00001 -> 342.99996 | L4: =IF(AND(OR(E4=1,E4=0),G4=1),D4,"") | M4: =IF(AND(OR(E4=2,E4=0),G4=1),D4,"") | N4: =IF(AND(OR(E4=3,E4=0),G4=1),D4,"") | O4: =IF(AND(OR(E4=1,E4=0),G4=2),D4,"") -> 342.99996 | P4: =IF(AND(OR(E4=2,E4=0),G4=2),D4,"") | Q4: =IF(AND(OR(E4=3,E4=0),G4=2),D4,"") | R4: =IF(AND(OR(E4=1,E4=0),G4=3),D4,"") | S4: =IF(AND(OR(E4=2,E4=0),G4=3),D4,"") | T4: =IF(AND(OR(E4=3,E4=0),G4=3),D4,"") | U4: =IF(AND(OR(E4=1,E4=0),G4=1,F4=1),D4,"") | V4: =IF(AND(OR(E4=1,E4=0),G4=2,F4=1),D4,"") | W4: =IF(AND(OR(E4=1,E4=0),G4=3,F4=1),D4,"") | X4: =IF(AND(OR(E4=2,E4=0),G4=1,F4=1),D4,"") | Y4: =IF(AND(OR(E4=2,E4=0),G4=2,F4=1),D4,"") | Z4: =IF(AND(OR(E4=2,E4=0),G4=3,F4=1),D4,"") | AA4: =IF(AND(OR(E4=3,E4=0),G4=1,F4=1),D4,"") | AB4: =IF(AND(OR(E4=3,E4=0),G4=2,F4=1),D4,"") | AC4: =IF(AND(OR(E4=3,E4=0),G4=3,F4=1),D4,"") | AD4: =IF(AND(OR(E4=1,E4=0),G4=1,F4=0),J4,"") | AE4: =IF(AND(OR(E4=1,E4=0),G4=2,F4=0),J4,"") -> 342.99996 | AF4: =IF(AND(OR(E4=1,E4=0),G4=3,F4=0),J4,"") | AG4: =IF(AND(OR(E4=1,E4=0),G4=1,F4=1),J4,"") | AH4: =IF(AND(OR(E4=1,E4=0),G4=2,F4=1),J4,"") | AI4: =IF(AND(OR(E4=1,E4=0),G4=3,F4=1),J4,"") | AJ4: =IF(AND(OR(E4=2,E4=0),G4=1,F4=0),J4,"") | AK4: =IF(AND(OR(E4=2,E4=0),G4=2,F4=0),J4,"") | AL4: =IF(AND(OR(E4=2,E4=0),G4=3,F4=0),J4,"") | AM4: =IF(AND(OR(E4=2,E4=0),G4=1,F4=1),J4,"") | AN4: =IF(AND(OR(E4=2,E4=0),G4=2,F4=1),J4,"") | AO4: =IF(AND(OR(E4=2,E4=0),G4=3,F4=1),J4,"") | AP4: =IF(AND(OR(E4=3,E4=0),G4=1,F4=0),J4,"") | AQ4: =IF(AND(OR(E4=3,E4=0),G4=2,F4=0),J4,"") | AR4: =IF(AND(OR(E4=3,E4=0),G4=3,F4=0),J4,"") | AS4: =IF(AND(OR(E4=3,E4=0),G4=1,F4=1),J4,"") | AT4: =IF(AND(OR(E4=3,E4=0),G4=2,F4=1),J4,"") | AU4: =IF(AND(OR(E4=3,E4=0),G4=3,F4=1),J4,"")
A5: 似合うんじゃない？（气球） | D5: =持有情况!P58-ROW()*0.00001 -> 183.99995 | E5: 2 | F5: 0 | G5: 2 | H5: 1 | I5: 气球 | J5: =INT((8.5/100)*路线!B11+17*路线!B15+15*路线!B31+40)-ROW()*0.00001 -> 183.99995 | L5: =IF(AND(OR(E5=1,E5=0),G5=1),D5,"") | M5: =IF(AND(OR(E5=2,E5=0),G5=1),D5,"") | N5: =IF(AND(OR(E5=3,E5=0),G5=1),D5,"") | O5: =IF(AND(OR(E5=1,E5=0),G5=2),D5,"") | P5: =IF(AND(OR(E5=2,E5=0),G5=2),D5,"") -> 183.99995 | Q5: =IF(AND(OR(E5=3,E5=0),G5=2),D5,"") | R5: =IF(AND(OR(E5=1,E5=0),G5=3),D5,"") | S5: =IF(AND(OR(E5=2,E5=0),G5=3),D5,"") | T5: =IF(AND(OR(E5=3,E5=0),G5=3),D5,"") | U5: =IF(AND(OR(E5=1,E5=0),G5=1,F5=1),D5,"") | V5: =IF(AND(OR(E5=1,E5=0),G5=2,F5=1),D5,"") | W5: =IF(AND(OR(E5=1,E5=0),G5=3,F5=1),D5,"") | X5: =IF(AND(OR(E5=2,E5=0),G5=1,F5=1),D5,"") | Y5: =IF(AND(OR(E5=2,E5=0),G5=2,F5=1),D5,"") | Z5: =IF(AND(OR(E5=2,E5=0),G5=3,F5=1),D5,"") | AA5: =IF(AND(OR(E5=3,E5=0),G5=1,F5=1),D5,"") | AB5: =IF(AND(OR(E5=3,E5=0),G5=2,F5=1),D5,"") | AC5: =IF(AND(OR(E5=3,E5=0),G5=3,F5=1),D5,"") | AD5: =IF(AND(OR(E5=1,E5=0),G5=1,F5=0),J5,"") | AE5: =IF(AND(OR(E5=1,E5=0),G5=2,F5=0),J5,"") | AF5: =IF(AND(OR(E5=1,E5=0),G5=3,F5=0),J5,"") | AG5: =IF(AND(OR(E5=1,E5=0),G5=1,F5=1),J5,"") | AH5: =IF(AND(OR(E5=1,E5=0),G5=2,F5=1),J5,"") | AI5: =IF(AND(OR(E5=1,E5=0),G5=3,F5=1),J5,"") | AJ5: =IF(AND(OR(E5=2,E5=0),G5=1,F5=0),J5,"") | AK5: =IF(AND(OR(E5=2,E5=0),G5=2,F5=0),J5,"") -> 183.99995 | AL5: =IF(AND(OR(E5=2,E5=0),G5=3,F5=0),J5,"") | AM5: =IF(AND(OR(E5=2,E5=0),G5=1,F5=1),J5,"") | AN5: =IF(AND(OR(E5=2,E5=0),G5=2,F5=1),J5,"") | AO5: =IF(AND(OR(E5=2,E5=0),G5=3,F5=1),J5,"") | AP5: =IF(AND(OR(E5=3,E5=0),G5=1,F5=0),J5,"") | AQ5: =IF(AND(OR(E5=3,E5=0),G5=2,F5=0),J5,"") | AR5: =IF(AND(OR(E5=3,E5=0),G5=3,F5=0),J5,"") | AS5: =IF(AND(OR(E5=3,E5=0),G5=1,F5=1),J5,"") | AT5: =IF(AND(OR(E5=3,E5=0),G5=2,F5=1),J5,"") | AU5: =IF(AND(OR(E5=3,E5=0),G5=3,F5=1),J5,"")
A6: 利用し合うのが友達！（黄毛摸鱼） | D6: =IF(路线!B4="计算",持有情况!S112,持有情况!P112)-ROW()*0.00001 -> 253.99994 | E6: 0 | F6: 0 | G6: 2 | H6: 1 | J6: =IF(路线!B4="计算",INT(60+22+21*IF(路线!B38<=3,路线!B38,3)+7*路线!B30+40+20),INT(60+22+21*IF(路线!B38<=3,路线!B38,3)+7*路线!B30+40))-ROW()*0.00001 -> 253.99994 | L6: =IF(AND(OR(E6=1,E6=0),G6=1),D6,"") | M6: =IF(AND(OR(E6=2,E6=0),G6=1),D6,"") | N6: =IF(AND(OR(E6=3,E6=0),G6=1),D6,"") | O6: =IF(AND(OR(E6=1,E6=0),G6=2),D6,"") -> 253.99994 | P6: =IF(AND(OR(E6=2,E6=0),G6=2),D6,"") -> 253.99994 | Q6: =IF(AND(OR(E6=3,E6=0),G6=2),D6,"") -> 253.99994 | R6: =IF(AND(OR(E6=1,E6=0),G6=3),D6,"") | S6: =IF(AND(OR(E6=2,E6=0),G6=3),D6,"") | T6: =IF(AND(OR(E6=3,E6=0),G6=3),D6,"") | U6: =IF(AND(OR(E6=1,E6=0),G6=1,F6=1),D6,"") | V6: =IF(AND(OR(E6=1,E6=0),G6=2,F6=1),D6,"") | W6: =IF(AND(OR(E6=1,E6=0),G6=3,F6=1),D6,"") | X6: =IF(AND(OR(E6=2,E6=0),G6=1,F6=1),D6,"") | Y6: =IF(AND(OR(E6=2,E6=0),G6=2,F6=1),D6,"") | Z6: =IF(AND(OR(E6=2,E6=0),G6=3,F6=1),D6,"") | AA6: =IF(AND(OR(E6=3,E6=0),G6=1,F6=1),D6,"") | AB6: =IF(AND(OR(E6=3,E6=0),G6=2,F6=1),D6,"") | AC6: =IF(AND(OR(E6=3,E6=0),G6=3,F6=1),D6,"") | AD6: =IF(AND(OR(E6=1,E6=0),G6=1,F6=0),J6,"") | AE6: =IF(AND(OR(E6=1,E6=0),G6=2,F6=0),J6,"") -> 253.99994 | AF6: =IF(AND(OR(E6=1,E6=0),G6=3,F6=0),J6,"") | AG6: =IF(AND(OR(E6=1,E6=0),G6=1,F6=1),J6,"") | AH6: =IF(AND(OR(E6=1,E6=0),G6=2,F6=1),J6,"") | AI6: =IF(AND(OR(E6=1,E6=0),G6=3,F6=1),J6,"") | AJ6: =IF(AND(OR(E6=2,E6=0),G6=1,F6=0),J6,"") | AK6: =IF(AND(OR(E6=2,E6=0),G6=2,F6=0),J6,"") -> 253.99994 | AL6: =IF(AND(OR(E6=2,E6=0),G6=3,F6=0),J6,"") | AM6: =IF(AND(OR(E6=2,E6=0),G6=1,F6=1),J6,"") | AN6: =IF(AND(OR(E6=2,E6=0),G6=2,F6=1),J6,"") | AO6: =IF(AND(OR(E6=2,E6=0),G6=3,F6=1),J6,"") | AP6: =IF(AND(OR(E6=3,E6=0),G6=1,F6=0),J6,"") | AQ6: =IF(AND(OR(E6=3,E6=0),G6=2,F6=0),J6,"") -> 253.99994 | AR6: =IF(AND(OR(E6=3,E6=0),G6=3,F6=0),J6,"") | AS6: =IF(AND(OR(E6=3,E6=0),G6=1,F6=1),J6,"") | AT6: =IF(AND(OR(E6=3,E6=0),G6=2,F6=1),J6,"") | AU6: =IF(AND(OR(E6=3,E6=0),G6=3,F6=1),J6,"")
A7: 二人ならあっという間だね（红50） | D7: =持有情况!F64-ROW()*0.00001 -> 248.99993 | E7: 0 | F7: 0 | G7: 1 | H7: 1 | I7: 红50 | J7: =INT((8.5/100)*路线!B11+7*路线!B30+4*(路线!B28+路线!B29)+17*路线!B15+40)-ROW()*0.00001 -> 248.99993 | L7: =IF(AND(OR(E7=1,E7=0),G7=1),D7,"") -> 248.99993 | M7: =IF(AND(OR(E7=2,E7=0),G7=1),D7,"") -> 248.99993 | N7: =IF(AND(OR(E7=3,E7=0),G7=1),D7,"") -> 248.99993 | O7: =IF(AND(OR(E7=1,E7=0),G7=2),D7,"") | P7: =IF(AND(OR(E7=2,E7=0),G7=2),D7,"") | Q7: =IF(AND(OR(E7=3,E7=0),G7=2),D7,"") | R7: =IF(AND(OR(E7=1,E7=0),G7=3),D7,"") | S7: =IF(AND(OR(E7=2,E7=0),G7=3),D7,"") | T7: =IF(AND(OR(E7=3,E7=0),G7=3),D7,"") | U7: =IF(AND(OR(E7=1,E7=0),G7=1,F7=1),D7,"") | V7: =IF(AND(OR(E7=1,E7=0),G7=2,F7=1),D7,"") | W7: =IF(AND(OR(E7=1,E7=0),G7=3,F7=1),D7,"") | X7: =IF(AND(OR(E7=2,E7=0),G7=1,F7=1),D7,"") | Y7: =IF(AND(OR(E7=2,E7=0),G7=2,F7=1),D7,"") | Z7: =IF(AND(OR(E7=2,E7=0),G7=3,F7=1),D7,"") | AA7: =IF(AND(OR(E7=3,E7=0),G7=1,F7=1),D7,"") | AB7: =IF(AND(OR(E7=3,E7=0),G7=2,F7=1),D7,"") | AC7: =IF(AND(OR(E7=3,E7=0),G7=3,F7=1),D7,"") | AD7: =IF(AND(OR(E7=1,E7=0),G7=1,F7=0),J7,"") -> 248.99993 | AE7: =IF(AND(OR(E7=1,E7=0),G7=2,F7=0),J7,"") | AF7: =IF(AND(OR(E7=1,E7=0),G7=3,F7=0),J7,"") | AG7: =IF(AND(OR(E7=1,E7=0),G7=1,F7=1),J7,"") | AH7: =IF(AND(OR(E7=1,E7=0),G7=2,F7=1),J7,"") | AI7: =IF(AND(OR(E7=1,E7=0),G7=3,F7=1),J7,"") | AJ7: =IF(AND(OR(E7=2,E7=0),G7=1,F7=0),J7,"") -> 248.99993 | AK7: =IF(AND(OR(E7=2,E7=0),G7=2,F7=0),J7,"") | AL7: =IF(AND(OR(E7=2,E7=0),G7=3,F7=0),J7,"") | AM7: =IF(AND(OR(E7=2,E7=0),G7=1,F7=1),J7,"") | AN7: =IF(AND(OR(E7=2,E7=0),G7=2,F7=1),J7,"") | AO7: =IF(AND(OR(E7=2,E7=0),G7=3,F7=1),J7,"") | AP7: =IF(AND(OR(E7=3,E7=0),G7=1,F7=0),J7,"") -> 248.99993 | AQ7: =IF(AND(OR(E7=3,E7=0),G7=2,F7=0),J7,"") | AR7: =IF(AND(OR(E7=3,E7=0),G7=3,F7=0),J7,"") | AS7: =IF(AND(OR(E7=3,E7=0),G7=1,F7=1),J7,"") | AT7: =IF(AND(OR(E7=3,E7=0),G7=2,F7=1),J7,"") | AU7: =IF(AND(OR(E7=3,E7=0),G7=3,F7=1),J7,"")
A8: ぜったい追いついてやる！（红叶） | D8: =持有情况!Z76-ROW()*0.00001 -> 268.99992 | E8: 0 | F8: 0 | G8: 3 | H8: 1 | I8: 红叶 | J8: =IF(路线!C6="计算",INT((8.5/100)*路线!B11+7*路线!B30+4*(路线!B28+路线!B29)+17*路线!B15+40+20)-ROW()*0.00001,INT((8.5/100)*路线!B11+7*路线!B30+4*(路线!B28+路线!B29)+17*路线!B15+40)-ROW()*0.00001) -> 268.99992 | L8: =IF(AND(OR(E8=1,E8=0),G8=1),D8,"") | M8: =IF(AND(OR(E8=2,E8=0),G8=1),D8,"") | N8: =IF(AND(OR(E8=3,E8=0),G8=1),D8,"") | O8: =IF(AND(OR(E8=1,E8=0),G8=2),D8,"") | P8: =IF(AND(OR(E8=2,E8=0),G8=2),D8,"") | Q8: =IF(AND(OR(E8=3,E8=0),G8=2),D8,"") | R8: =IF(AND(OR(E8=1,E8=0),G8=3),D8,"") -> 268.99992 | S8: =IF(AND(OR(E8=2,E8=0),G8=3),D8,"") -> 268.99992 | T8: =IF(AND(OR(E8=3,E8=0),G8=3),D8,"") -> 268.99992 | U8: =IF(AND(OR(E8=1,E8=0),G8=1,F8=1),D8,"") | V8: =IF(AND(OR(E8=1,E8=0),G8=2,F8=1),D8,"") | W8: =IF(AND(OR(E8=1,E8=0),G8=3,F8=1),D8,"") | X8: =IF(AND(OR(E8=2,E8=0),G8=1,F8=1),D8,"") | Y8: =IF(AND(OR(E8=2,E8=0),G8=2,F8=1),D8,"") | Z8: =IF(AND(OR(E8=2,E8=0),G8=3,F8=1),D8,"") | AA8: =IF(AND(OR(E8=3,E8=0),G8=1,F8=1),D8,"") | AB8: =IF(AND(OR(E8=3,E8=0),G8=2,F8=1),D8,"") | AC8: =IF(AND(OR(E8=3,E8=0),G8=3,F8=1),D8,"") | AD8: =IF(AND(OR(E8=1,E8=0),G8=1,F8=0),J8,"") | AE8: =IF(AND(OR(E8=1,E8=0),G8=2,F8=0),J8,"") | AF8: =IF(AND(OR(E8=1,E8=0),G8=3,F8=0),J8,"") -> 268.99992 | AG8: =IF(AND(OR(E8=1,E8=0),G8=1,F8=1),J8,"") | AH8: =IF(AND(OR(E8=1,E8=0),G8=2,F8=1),J8,"") | AI8: =IF(AND(OR(E8=1,E8=0),G8=3,F8=1),J8,"") | AJ8: =IF(AND(OR(E8=2,E8=0),G8=1,F8=0),J8,"") | AK8: =IF(AND(OR(E8=2,E8=0),G8=2,F8=0),J8,"") | AL8: =IF(AND(OR(E8=2,E8=0),G8=3,F8=0),J8,"") -> 268.99992 | AM8: =IF(AND(OR(E8=2,E8=0),G8=1,F8=1),J8,"") | AN8: =IF(AND(OR(E8=2,E8=0),G8=2,F8=1),J8,"") | AO8: =IF(AND(OR(E8=2,E8=0),G8=3,F8=1),J8,"") | AP8: =IF(AND(OR(E8=3,E8=0),G8=1,F8=0),J8,"") | AQ8: =IF(AND(OR(E8=3,E8=0),G8=2,F8=0),J8,"") | AR8: =IF(AND(OR(E8=3,E8=0),G8=3,F8=0),J8,"") -> 268.99992 | AS8: =IF(AND(OR(E8=3,E8=0),G8=1,F8=1),J8,"") | AT8: =IF(AND(OR(E8=3,E8=0),G8=2,F8=1),J8,"") | AU8: =IF(AND(OR(E8=3,E8=0),G8=3,F8=1),J8,"")
A9: 相手にとって不足なしよ！（对战） | D9: =持有情况!Z106-ROW()*0.00001 -> 253.99991 | E9: 3 | F9: 1 | G9: 3 | H9: 1 | I9: 对战 | J9: =IF(路线!C6="计算",INT(60+17*路线!B15+22*IF(路线!B36<=3,路线!B36,3)+40+20)-ROW()*0.00001,INT(60+17*路线!B15+22*IF(路线!B36<=3,路线!B36,3)+40)-ROW()*0.00001) -> 253.99991 | L9: =IF(AND(OR(E9=1,E9=0),G9=1),D9,"") | M9: =IF(AND(OR(E9=2,E9=0),G9=1),D9,"") | N9: =IF(AND(OR(E9=3,E9=0),G9=1),D9,"") | O9: =IF(AND(OR(E9=1,E9=0),G9=2),D9,"") | P9: =IF(AND(OR(E9=2,E9=0),G9=2),D9,"") | Q9: =IF(AND(OR(E9=3,E9=0),G9=2),D9,"") | R9: =IF(AND(OR(E9=1,E9=0),G9=3),D9,"") | S9: =IF(AND(OR(E9=2,E9=0),G9=3),D9,"") | T9: =IF(AND(OR(E9=3,E9=0),G9=3),D9,"") -> 253.99991 | U9: =IF(AND(OR(E9=1,E9=0),G9=1,F9=1),D9,"") | V9: =IF(AND(OR(E9=1,E9=0),G9=2,F9=1),D9,"") | W9: =IF(AND(OR(E9=1,E9=0),G9=3,F9=1),D9,"") | X9: =IF(AND(OR(E9=2,E9=0),G9=1,F9=1),D9,"") | Y9: =IF(AND(OR(E9=2,E9=0),G9=2,F9=1),D9,"") | Z9: =IF(AND(OR(E9=2,E9=0),G9=3,F9=1),D9,"") | AA9: =IF(AND(OR(E9=3,E9=0),G9=1,F9=1),D9,"") | AB9: =IF(AND(OR(E9=3,E9=0),G9=2,F9=1),D9,"") | AC9: =IF(AND(OR(E9=3,E9=0),G9=3,F9=1),D9,"") -> 253.99991 | AD9: =IF(AND(OR(E9=1,E9=0),G9=1,F9=0),J9,"") | AE9: =IF(AND(OR(E9=1,E9=0),G9=2,F9=0),J9,"") | AF9: =IF(AND(OR(E9=1,E9=0),G9=3,F9=0),J9,"") | AG9: =IF(AND(OR(E9=1,E9=0),G9=1,F9=1),J9,"") | AH9: =IF(AND(OR(E9=1,E9=0),G9=2,F9=1),J9,"") | AI9: =IF(AND(OR(E9=1,E9=0),G9=3,F9=1),J9,"") | AJ9: =IF(AND(OR(E9=2,E9=0),G9=1,F9=0),J9,"") | AK9: =IF(AND(OR(E9=2,E9=0),G9=2,F9=0),J9,"") | AL9: =IF(AND(OR(E9=2,E9=0),G9=3,F9=0),J9,"") | AM9: =IF(AND(OR(E9=2,E9=0),G9=1,F9=1),J9,"") | AN9: =IF(AND(OR(E9=2,E9=0),G9=2,F9=1),J9,"") | AO9: =IF(AND(OR(E9=2,E9=0),G9=3,F9=1),J9,"") | AP9: =IF(AND(OR(E9=3,E9=0),G9=1,F9=0),J9,"") | AQ9: =IF(AND(OR(E9=3,E9=0),G9=2,F9=0),J9,"") | AR9: =IF(AND(OR(E9=3,E9=0),G9=3,F9=0),J9,"") | AS9: =IF(AND(OR(E9=3,E9=0),G9=1,F9=1),J9,"") | AT9: =IF(AND(OR(E9=3,E9=0),G9=2,F9=1),J9,"") | AU9: =IF(AND(OR(E9=3,E9=0),G9=3,F9=1),J9,"") -> 253.99991
A10: もう一度、最初から！（fes1） | D10: =持有情况!F76-ROW()*0.00001 -> 252.9999 | E10: 1 | F10: 1 | G10: 1 | H10: 1 | I10: fes1 | J10: =IF(路线!C6="计算",INT((8.5/100)*路线!B11+17*路线!B15+7*路线!B30+40+20)-ROW()*0.00001,INT((8.5/100)*路线!B11+17*路线!B15+7*路线!B30+40)-ROW()*0.00001) -> 252.9999 | L10: =IF(AND(OR(E10=1,E10=0),G10=1),D10,"") -> 252.9999 | M10: =IF(AND(OR(E10=2,E10=0),G10=1),D10,"") | N10: =IF(AND(OR(E10=3,E10=0),G10=1),D10,"") | O10: =IF(AND(OR(E10=1,E10=0),G10=2),D10,"") | P10: =IF(AND(OR(E10=2,E10=0),G10=2),D10,"") | Q10: =IF(AND(OR(E10=3,E10=0),G10=2),D10,"") | R10: =IF(AND(OR(E10=1,E10=0),G10=3),D10,"") | S10: =IF(AND(OR(E10=2,E10=0),G10=3),D10,"") | T10: =IF(AND(OR(E10=3,E10=0),G10=3),D10,"") | U10: =IF(AND(OR(E10=1,E10=0),G10=1,F10=1),D10,"") -> 252.9999 | V10: =IF(AND(OR(E10=1,E10=0),G10=2,F10=1),D10,"") | W10: =IF(AND(OR(E10=1,E10=0),G10=3,F10=1),D10,"") | X10: =IF(AND(OR(E10=2,E10=0),G10=1,F10=1),D10,"") | Y10: =IF(AND(OR(E10=2,E10=0),G10=2,F10=1),D10,"") | Z10: =IF(AND(OR(E10=2,E10=0),G10=3,F10=1),D10,"") | AA10: =IF(AND(OR(E10=3,E10=0),G10=1,F10=1),D10,"") | AB10: =IF(AND(OR(E10=3,E10=0),G10=2,F10=1),D10,"") | AC10: =IF(AND(OR(E10=3,E10=0),G10=3,F10=1),D10,"") | AD10: =IF(AND(OR(E10=1,E10=0),G10=1,F10=0),J10,"") | AE10: =IF(AND(OR(E10=1,E10=0),G10=2,F10=0),J10,"") | AF10: =IF(AND(OR(E10=1,E10=0),G10=3,F10=0),J10,"") | AG10: =IF(AND(OR(E10=1,E10=0),G10=1,F10=1),J10,"") -> 252.9999 | AH10: =IF(AND(OR(E10=1,E10=0),G10=2,F10=1),J10,"") | AI10: =IF(AND(OR(E10=1,E10=0),G10=3,F10=1),J10,"") | AJ10: =IF(AND(OR(E10=2,E10=0),G10=1,F10=0),J10,"") | AK10: =IF(AND(OR(E10=2,E10=0),G10=2,F10=0),J10,"") | AL10: =IF(AND(OR(E10=2,E10=0),G10=3,F10=0),J10,"") | AM10: =IF(AND(OR(E10=2,E10=0),G10=1,F10=1),J10,"") | AN10: =IF(AND(OR(E10=2,E10=0),G10=2,F10=1),J10,"") | AO10: =IF(AND(OR(E10=2,E10=0),G10=3,F10=1),J10,"") | AP10: =IF(AND(OR(E10=3,E10=0),G10=1,F10=0),J10,"") | AQ10: =IF(AND(OR(E10=3,E10=0),G10=2,F10=0),J10,"") | AR10: =IF(AND(OR(E10=3,E10=0),G10=3,F10=0),J10,"") | AS10: =IF(AND(OR(E10=3,E10=0),G10=1,F10=1),J10,"") | AT10: =IF(AND(OR(E10=3,E10=0),G10=2,F10=1),J10,"") | AU10: =IF(AND(OR(E10=3,E10=0),G10=3,F10=1),J10,"")
A11: これが私達の、3年間（蓝书签） | D11: =持有情况!P88-ROW()*0.00001 -> 232.99989 | E11: 0 | F11: 0 | G11: 2 | H11: 0 | J11: =INT((8.5/100)*路线!B11+17*路线!B15+7*路线!B30+40)-ROW()*0.00001 -> 232.99989 | L11: =IF(AND(OR(E11=1,E11=0),G11=1),D11,"") | M11: =IF(AND(OR(E11=2,E11=0),G11=1),D11,"") | N11: =IF(AND(OR(E11=3,E11=0),G11=1),D11,"") | O11: =IF(AND(OR(E11=1,E11=0),G11=2),D11,"") -> 232.99989 | P11: =IF(AND(OR(E11=2,E11=0),G11=2),D11,"") -> 232.99989 | Q11: =IF(AND(OR(E11=3,E11=0),G11=2),D11,"") -> 232.99989 | R11: =IF(AND(OR(E11=1,E11=0),G11=3),D11,"") | S11: =IF(AND(OR(E11=2,E11=0),G11=3),D11,"") | T11: =IF(AND(OR(E11=3,E11=0),G11=3),D11,"") | U11: =IF(AND(OR(E11=1,E11=0),G11=1,F11=1),D11,"") | V11: =IF(AND(OR(E11=1,E11=0),G11=2,F11=1),D11,"") | W11: =IF(AND(OR(E11=1,E11=0),G11=3,F11=1),D11,"") | X11: =IF(AND(OR(E11=2,E11=0),G11=1,F11=1),D11,"") | Y11: =IF(AND(OR(E11=2,E11=0),G11=2,F11=1),D11,"") | Z11: =IF(AND(OR(E11=2,E11=0),G11=3,F11=1),D11,"") | AA11: =IF(AND(OR(E11=3,E11=0),G11=1,F11=1),D11,"") | AB11: =IF(AND(OR(E11=3,E11=0),G11=2,F11=1),D11,"") | AC11: =IF(AND(OR(E11=3,E11=0),G11=3,F11=1),D11,"") | AD11: =IF(AND(OR(E11=1,E11=0),G11=1,F11=0),J11,"") | AE11: =IF(AND(OR(E11=1,E11=0),G11=2,F11=0),J11,"") -> 232.99989 | AF11: =IF(AND(OR(E11=1,E11=0),G11=3,F11=0),J11,"") | AG11: =IF(AND(OR(E11=1,E11=0),G11=1,F11=1),J11,"") | AH11: =IF(AND(OR(E11=1,E11=0),G11=2,F11=1),J11,"") | AI11: =IF(AND(OR(E11=1,E11=0),G11=3,F11=1),J11,"") | AJ11: =IF(AND(OR(E11=2,E11=0),G11=1,F11=0),J11,"") | AK11: =IF(AND(OR(E11=2,E11=0),G11=2,F11=0),J11,"") -> 232.99989 | AL11: =IF(AND(OR(E11=2,E11=0),G11=3,F11=0),J11,"") | AM11: =IF(AND(OR(E11=2,E11=0),G11=1,F11=1),J11,"") | AN11: =IF(AND(OR(E11=2,E11=0),G11=2,F11=1),J11,"") | AO11: =IF(AND(OR(E11=2,E11=0),G11=3,F11=1),J11,"") | AP11: =IF(AND(OR(E11=3,E11=0),G11=1,F11=0),J11,"") | AQ11: =IF(AND(OR(E11=3,E11=0),G11=2,F11=0),J11,"") -> 232.99989 | AR11: =IF(AND(OR(E11=3,E11=0),G11=3,F11=0),J11,"") | AS11: =IF(AND(OR(E11=3,E11=0),G11=1,F11=1),J11,"") | AT11: =IF(AND(OR(E11=3,E11=0),G11=2,F11=1),J11,"") | AU11: =IF(AND(OR(E11=3,E11=0),G11=3,F11=1),J11,"")
A12: 会長、準備は万端です（准备万端） | D12: =持有情况!Z70-ROW()*0.00001 -> 133.99988 | E12: 2 | F12: 0 | G12: 3 | H12: 0 | J12: =INT((8.5/100)*路线!B11+9*路线!B29+15*路线!B31+40)-ROW()*0.00001 -> 133.99988 | L12: =IF(AND(OR(E12=1,E12=0),G12=1),D12,"") | M12: =IF(AND(OR(E12=2,E12=0),G12=1),D12,"") | N12: =IF(AND(OR(E12=3,E12=0),G12=1),D12,"") | O12: =IF(AND(OR(E12=1,E12=0),G12=2),D12,"") | P12: =IF(AND(OR(E12=2,E12=0),G12=2),D12,"") | Q12: =IF(AND(OR(E12=3,E12=0),G12=2),D12,"") | R12: =IF(AND(OR(E12=1,E12=0),G12=3),D12,"") | S12: =IF(AND(OR(E12=2,E12=0),G12=3),D12,"") -> 133.99988 | T12: =IF(AND(OR(E12=3,E12=0),G12=3),D12,"") | U12: =IF(AND(OR(E12=1,E12=0),G12=1,F12=1),D12,"") | V12: =IF(AND(OR(E12=1,E12=0),G12=2,F12=1),D12,"") | W12: =IF(AND(OR(E12=1,E12=0),G12=3,F12=1),D12,"") | X12: =IF(AND(OR(E12=2,E12=0),G12=1,F12=1),D12,"") | Y12: =IF(AND(OR(E12=2,E12=0),G12=2,F12=1),D12,"") | Z12: =IF(AND(OR(E12=2,E12=0),G12=3,F12=1),D12,"") | AA12: =IF(AND(OR(E12=3,E12=0),G12=1,F12=1),D12,"") | AB12: =IF(AND(OR(E12=3,E12=0),G12=2,F12=1),D12,"") | AC12: =IF(AND(OR(E12=3,E12=0),G12=3,F12=1),D12,"") | AD12: =IF(AND(OR(E12=1,E12=0),G12=1,F12=0),J12,"") | AE12: =IF(AND(OR(E12=1,E12=0),G12=2,F12=0),J12,"") | AF12: =IF(AND(OR(E12=1,E12=0),G12=3,F12=0),J12,"") | AG12: =IF(AND(OR(E12=1,E12=0),G12=1,F12=1),J12,"") | AH12: =IF(AND(OR(E12=1,E12=0),G12=2,F12=1),J12,"") | AI12: =IF(AND(OR(E12=1,E12=0),G12=3,F12=1),J12,"") | AJ12: =IF(AND(OR(E12=2,E12=0),G12=1,F12=0),J12,"") | AK12: =IF(AND(OR(E12=2,E12=0),G12=2,F12=0),J12,"") | AL12: =IF(AND(OR(E12=2,E12=0),G12=3,F12=0),J12,"") -> 133.99988 | AM12: =IF(AND(OR(E12=2,E12=0),G12=1,F12=1),J12,"") | AN12: =IF(AND(OR(E12=2,E12=0),G12=2,F12=1),J12,"") | AO12: =IF(AND(OR(E12=2,E12=0),G12=3,F12=1),J12,"") | AP12: =IF(AND(OR(E12=3,E12=0),G12=1,F12=0),J12,"") | AQ12: =IF(AND(OR(E12=3,E12=0),G12=2,F12=0),J12,"") | AR12: =IF(AND(OR(E12=3,E12=0),G12=3,F12=0),J12,"") | AS12: =IF(AND(OR(E12=3,E12=0),G12=1,F12=1),J12,"") | AT12: =IF(AND(OR(E12=3,E12=0),G12=2,F12=1),J12,"") | AU12: =IF(AND(OR(E12=3,E12=0),G12=3,F12=1),J12,"")
A13: バレンタイン♡会議中ーっ！（情人节会议） | D13: =持有情况!Z94-ROW()*0.00001 -> 331.99987 | E13: 3 | F13: 0 | G13: 3 | H13: 1 | I13: 情人节会议 | J13: =IF(路线!C6="计算",INT((8.5/100)*路线!B11+11*路线!B35+9*路线!B28+17*路线!B15+40+20)-ROW()*0.00001,INT((8.5/100)*路线!B11+11*路线!B35+9*路线!B28+17*路线!B15+40)-ROW()*0.00001) -> 331.99987 | L13: =IF(AND(OR(E13=1,E13=0),G13=1),D13,"") | M13: =IF(AND(OR(E13=2,E13=0),G13=1),D13,"") | N13: =IF(AND(OR(E13=3,E13=0),G13=1),D13,"") | O13: =IF(AND(OR(E13=1,E13=0),G13=2),D13,"") | P13: =IF(AND(OR(E13=2,E13=0),G13=2),D13,"") | Q13: =IF(AND(OR(E13=3,E13=0),G13=2),D13,"") | R13: =IF(AND(OR(E13=1,E13=0),G13=3),D13,"") | S13: =IF(AND(OR(E13=2,E13=0),G13=3),D13,"") | T13: =IF(AND(OR(E13=3,E13=0),G13=3),D13,"") -> 331.99987 | U13: =IF(AND(OR(E13=1,E13=0),G13=1,F13=1),D13,"") | V13: =IF(AND(OR(E13=1,E13=0),G13=2,F13=1),D13,"") | W13: =IF(AND(OR(E13=1,E13=0),G13=3,F13=1),D13,"") | X13: =IF(AND(OR(E13=2,E13=0),G13=1,F13=1),D13,"") | Y13: =IF(AND(OR(E13=2,E13=0),G13=2,F13=1),D13,"") | Z13: =IF(AND(OR(E13=2,E13=0),G13=3,F13=1),D13,"") | AA13: =IF(AND(OR(E13=3,E13=0),G13=1,F13=1),D13,"") | AB13: =IF(AND(OR(E13=3,E13=0),G13=2,F13=1),D13,"") | AC13: =IF(AND(OR(E13=3,E13=0),G13=3,F13=1),D13,"") | AD13: =IF(AND(OR(E13=1,E13=0),G13=1,F13=0),J13,"") | AE13: =IF(AND(OR(E13=1,E13=0),G13=2,F13=0),J13,"") | AF13: =IF(AND(OR(E13=1,E13=0),G13=3,F13=0),J13,"") | AG13: =IF(AND(OR(E13=1,E13=0),G13=1,F13=1),J13,"") | AH13: =IF(AND(OR(E13=1,E13=0),G13=2,F13=1),J13,"") | AI13: =IF(AND(OR(E13=1,E13=0),G13=3,F13=1),J13,"") | AJ13: =IF(AND(OR(E13=2,E13=0),G13=1,F13=0),J13,"") | AK13: =IF(AND(OR(E13=2,E13=0),G13=2,F13=0),J13,"") | AL13: =IF(AND(OR(E13=2,E13=0),G13=3,F13=0),J13,"") | AM13: =IF(AND(OR(E13=2,E13=0),G13=1,F13=1),J13,"") | AN13: =IF(AND(OR(E13=2,E13=0),G13=2,F13=1),J13,"") | AO13: =IF(AND(OR(E13=2,E13=0),G13=3,F13=1),J13,"") | AP13: =IF(AND(OR(E13=3,E13=0),G13=1,F13=0),J13,"") | AQ13: =IF(AND(OR(E13=3,E13=0),G13=2,F13=0),J13,"") | AR13: =IF(AND(OR(E13=3,E13=0),G13=3,F13=0),J13,"") -> 331.99987 | AS13: =IF(AND(OR(E13=3,E13=0),G13=1,F13=1),J13,"") | AT13: =IF(AND(OR(E13=3,E13=0),G13=2,F13=1),J13,"") | AU13: =IF(AND(OR(E13=3,E13=0),G13=3,F13=1),J13,"")
A14: 2名様、ご案内～♪（毛球偷吃） | D14: =IF(路线!B4="计算",持有情况!AM82,持有情况!AJ82)-ROW()*0.00001 -> 181.99986 | E14: 0 | F14: 0 | G14: 1 | H14: 0 | J14: =IF(路线!B4="计算",INT(45+10*路线!B31+5*路线!B30+3*(路线!B28+路线!B29)+30+持有情况!AM81),INT(45+10*路线!B31+5*路线!B30+3*(路线!B28+路线!B29)+30))-ROW()*0.00001 -> 181.99986 | L14: =IF(AND(OR(E14=1,E14=0),G14=1),D14,"") -> 181.99986 | M14: =IF(AND(OR(E14=2,E14=0),G14=1),D14,"") -> 181.99986 | N14: =IF(AND(OR(E14=3,E14=0),G14=1),D14,"") -> 181.99986 | O14: =IF(AND(OR(E14=1,E14=0),G14=2),D14,"") | P14: =IF(AND(OR(E14=2,E14=0),G14=2),D14,"") | Q14: =IF(AND(OR(E14=3,E14=0),G14=2),D14,"") | R14: =IF(AND(OR(E14=1,E14=0),G14=3),D14,"") | S14: =IF(AND(OR(E14=2,E14=0),G14=3),D14,"") | T14: =IF(AND(OR(E14=3,E14=0),G14=3),D14,"") | U14: =IF(AND(OR(E14=1,E14=0),G14=1,F14=1),D14,"") | V14: =IF(AND(OR(E14=1,E14=0),G14=2,F14=1),D14,"") | W14: =IF(AND(OR(E14=1,E14=0),G14=3,F14=1),D14,"") | X14: =IF(AND(OR(E14=2,E14=0),G14=1,F14=1),D14,"") | Y14: =IF(AND(OR(E14=2,E14=0),G14=2,F14=1),D14,"") | Z14: =IF(AND(OR(E14=2,E14=0),G14=3,F14=1),D14,"") | AA14: =IF(AND(OR(E14=3,E14=0),G14=1,F14=1),D14,"") | AB14: =IF(AND(OR(E14=3,E14=0),G14=2,F14=1),D14,"") | AC14: =IF(AND(OR(E14=3,E14=0),G14=3,F14=1),D14,"") | AD14: =IF(AND(OR(E14=1,E14=0),G14=1,F14=0),J14,"") -> 181.99986 | AE14: =IF(AND(OR(E14=1,E14=0),G14=2,F14=0),J14,"") | AF14: =IF(AND(OR(E14=1,E14=0),G14=3,F14=0),J14,"") | AG14: =IF(AND(OR(E14=1,E14=0),G14=1,F14=1),J14,"") | AH14: =IF(AND(OR(E14=1,E14=0),G14=2,F14=1),J14,"") | AI14: =IF(AND(OR(E14=1,E14=0),G14=3,F14=1),J14,"") | AJ14: =IF(AND(OR(E14=2,E14=0),G14=1,F14=0),J14,"") -> 181.99986 | AK14: =IF(AND(OR(E14=2,E14=0),G14=2,F14=0),J14,"") | AL14: =IF(AND(OR(E14=2,E14=0),G14=3,F14=0),J14,"") | AM14: =IF(AND(OR(E14=2,E14=0),G14=1,F14=1),J14,"") | AN14: =IF(AND(OR(E14=2,E14=0),G14=2,F14=1),J14,"") | AO14: =IF(AND(OR(E14=2,E14=0),G14=3,F14=1),J14,"") | AP14: =IF(AND(OR(E14=3,E14=0),G14=1,F14=0),J14,"") -> 181.99986 | AQ14: =IF(AND(OR(E14=3,E14=0),G14=2,F14=0),J14,"") | AR14: =IF(AND(OR(E14=3,E14=0),G14=3,F14=0),J14,"") | AS14: =IF(AND(OR(E14=3,E14=0),G14=1,F14=1),J14,"") | AT14: =IF(AND(OR(E14=3,E14=0),G14=2,F14=1),J14,"") | AU14: =IF(AND(OR(E14=3,E14=0),G14=3,F14=1),J14,"")
A15: まだ上がりませんように！（撑伞） | D15: =持有情况!F40-ROW()*0.00001 -> 221.99985 | E15: 0 | F15: 0 | G15: 1 | H15: 1 | I15: 撑伞 | J15: =IF(路线!C6="计算",INT((8.5/100)*路线!B11+17*路线!B15+9*路线!B29+40+20)-ROW()*0.00001,INT((8.5/100)*路线!B11+17*路线!B15+9*路线!B29+40)-ROW()*0.00001) -> 221.99985 | L15: =IF(AND(OR(E15=1,E15=0),G15=1),D15,"") -> 221.99985 | M15: =IF(AND(OR(E15=2,E15=0),G15=1),D15,"") -> 221.99985 | N15: =IF(AND(OR(E15=3,E15=0),G15=1),D15,"") -> 221.99985 | O15: =IF(AND(OR(E15=1,E15=0),G15=2),D15,"") | P15: =IF(AND(OR(E15=2,E15=0),G15=2),D15,"") | Q15: =IF(AND(OR(E15=3,E15=0),G15=2),D15,"") | R15: =IF(AND(OR(E15=1,E15=0),G15=3),D15,"") | S15: =IF(AND(OR(E15=2,E15=0),G15=3),D15,"") | T15: =IF(AND(OR(E15=3,E15=0),G15=3),D15,"") | U15: =IF(AND(OR(E15=1,E15=0),G15=1,F15=1),D15,"") | V15: =IF(AND(OR(E15=1,E15=0),G15=2,F15=1),D15,"") | W15: =IF(AND(OR(E15=1,E15=0),G15=3,F15=1),D15,"") | X15: =IF(AND(OR(E15=2,E15=0),G15=1,F15=1),D15,"") | Y15: =IF(AND(OR(E15=2,E15=0),G15=2,F15=1),D15,"") | Z15: =IF(AND(OR(E15=2,E15=0),G15=3,F15=1),D15,"") | AA15: =IF(AND(OR(E15=3,E15=0),G15=1,F15=1),D15,"") | AB15: =IF(AND(OR(E15=3,E15=0),G15=2,F15=1),D15,"") | AC15: =IF(AND(OR(E15=3,E15=0),G15=3,F15=1),D15,"") | AD15: =IF(AND(OR(E15=1,E15=0),G15=1,F15=0),J15,"") -> 221.99985 | AE15: =IF(AND(OR(E15=1,E15=0),G15=2,F15=0),J15,"") | AF15: =IF(AND(OR(E15=1,E15=0),G15=3,F15=0),J15,"") | AG15: =IF(AND(OR(E15=1,E15=0),G15=1,F15=1),J15,"") | AH15: =IF(AND(OR(E15=1,E15=0),G15=2,F15=1),J15,"") | AI15: =IF(AND(OR(E15=1,E15=0),G15=3,F15=1),J15,"") | AJ15: =IF(AND(OR(E15=2,E15=0),G15=1,F15=0),J15,"") -> 221.99985 | AK15: =IF(AND(OR(E15=2,E15=0),G15=2,F15=0),J15,"") | AL15: =IF(AND(OR(E15=2,E15=0),G15=3,F15=0),J15,"") | AM15: =IF(AND(OR(E15=2,E15=0),G15=1,F15=1),J15,"") | AN15: =IF(AND(OR(E15=2,E15=0),G15=2,F15=1),J15,"") | AO15: =IF(AND(OR(E15=2,E15=0),G15=3,F15=1),J15,"") | AP15: =IF(AND(OR(E15=3,E15=0),G15=1,F15=0),J15,"") -> 221.99985 | AQ15: =IF(AND(OR(E15=3,E15=0),G15=2,F15=0),J15,"") | AR15: =IF(AND(OR(E15=3,E15=0),G15=3,F15=0),J15,"") | AS15: =IF(AND(OR(E15=3,E15=0),G15=1,F15=1),J15,"") | AT15: =IF(AND(OR(E15=3,E15=0),G15=2,F15=1),J15,"") | AU15: =IF(AND(OR(E15=3,E15=0),G15=3,F15=1),J15,"")
A16: キラキラして綺麗～っ！（光夜） | D16: =持有情况!P76-ROW()*0.00001 -> 269.99984 | E16: 1 | F16: 0 | G16: 2 | H16: 1 | I16: 光夜 | J16: =IF(路线!C6="计算",INT((8.5/100)*路线!B11+11*路线!B33+17*路线!B15+22+40+20)-ROW()*0.00001,INT((8.5/100)*路线!B11+11*路线!B33+17*路线!B15+22+40)-ROW()*0.00001) -> 269.99984 | L16: =IF(AND(OR(E16=1,E16=0),G16=1),D16,"") | M16: =IF(AND(OR(E16=2,E16=0),G16=1),D16,"") | N16: =IF(AND(OR(E16=3,E16=0),G16=1),D16,"") | O16: =IF(AND(OR(E16=1,E16=0),G16=2),D16,"") -> 269.99984 | P16: =IF(AND(OR(E16=2,E16=0),G16=2),D16,"") | Q16: =IF(AND(OR(E16=3,E16=0),G16=2),D16,"") | R16: =IF(AND(OR(E16=1,E16=0),G16=3),D16,"") | S16: =IF(AND(OR(E16=2,E16=0),G16=3),D16,"") | T16: =IF(AND(OR(E16=3,E16=0),G16=3),D16,"") | U16: =IF(AND(OR(E16=1,E16=0),G16=1,F16=1),D16,"") | V16: =IF(AND(OR(E16=1,E16=0),G16=2,F16=1),D16,"") | W16: =IF(AND(OR(E16=1,E16=0),G16=3,F16=1),D16,"") | X16: =IF(AND(OR(E16=2,E16=0),G16=1,F16=1),D16,"") | Y16: =IF(AND(OR(E16=2,E16=0),G16=2,F16=1),D16,"") | Z16: =IF(AND(OR(E16=2,E16=0),G16=3,F16=1),D16,"") | AA16: =IF(AND(OR(E16=3,E16=0),G16=1,F16=1),D16,"") | AB16: =IF(AND(OR(E16=3,E16=0),G16=2,F16=1),D16,"") | AC16: =IF(AND(OR(E16=3,E16=0),G16=3,F16=1),D16,"") | AD16: =IF(AND(OR(E16=1,E16=0),G16=1,F16=0),J16,"") | AE16: =IF(AND(OR(E16=1,E16=0),G16=2,F16=0),J16,"") -> 269.99984 | AF16: =IF(AND(OR(E16=1,E16=0),G16=3,F16=0),J16,"") | AG16: =IF(AND(OR(E16=1,E16=0),G16=1,F16=1),J16,"") | AH16: =IF(AND(OR(E16=1,E16=0),G16=2,F16=1),J16,"") | AI16: =IF(AND(OR(E16=1,E16=0),G16=3,F16=1),J16,"") | AJ16: =IF(AND(OR(E16=2,E16=0),G16=1,F16=0),J16,"") | AK16: =IF(AND(OR(E16=2,E16=0),G16=2,F16=0),J16,"") | AL16: =IF(AND(OR(E16=2,E16=0),G16=3,F16=0),J16,"") | AM16: =IF(AND(OR(E16=2,E16=0),G16=1,F16=1),J16,"") | AN16: =IF(AND(OR(E16=2,E16=0),G16=2,F16=1),J16,"") | AO16: =IF(AND(OR(E16=2,E16=0),G16=3,F16=1),J16,"") | AP16: =IF(AND(OR(E16=3,E16=0),G16=1,F16=0),J16,"") | AQ16: =IF(AND(OR(E16=3,E16=0),G16=2,F16=0),J16,"") | AR16: =IF(AND(OR(E16=3,E16=0),G16=3,F16=0),J16,"") | AS16: =IF(AND(OR(E16=3,E16=0),G16=1,F16=1),J16,"") | AT16: =IF(AND(OR(E16=3,E16=0),G16=2,F16=1),J16,"") | AU16: =IF(AND(OR(E16=3,E16=0),G16=3,F16=1),J16,"")
A17: 新生活のはじまりだね（米袋） | D17: =IF(路线!B4="计算",持有情况!AC100,持有情况!Z100)-ROW()*0.00001 -> 190.99983 | E17: 3 | F17: 1 | G17: 3 | H17: 1 | J17: =IF(路线!B4="计算",INT(60+6*路线!B14+4*路线!B26+40+持有情况!AC99),INT(60+6*路线!B14+4*路线!B26+40))-ROW()*0.00001 -> 190.99983 | L17: =IF(AND(OR(E17=1,E17=0),G17=1),D17,"") | M17: =IF(AND(OR(E17=2,E17=0),G17=1),D17,"") | N17: =IF(AND(OR(E17=3,E17=0),G17=1),D17,"") | O17: =IF(AND(OR(E17=1,E17=0),G17=2),D17,"") | P17: =IF(AND(OR(E17=2,E17=0),G17=2),D17,"") | Q17: =IF(AND(OR(E17=3,E17=0),G17=2),D17,"") | R17: =IF(AND(OR(E17=1,E17=0),G17=3),D17,"") | S17: =IF(AND(OR(E17=2,E17=0),G17=3),D17,"") | T17: =IF(AND(OR(E17=3,E17=0),G17=3),D17,"") -> 190.99983 | U17: =IF(AND(OR(E17=1,E17=0),G17=1,F17=1),D17,"") | V17: =IF(AND(OR(E17=1,E17=0),G17=2,F17=1),D17,"") | W17: =IF(AND(OR(E17=1,E17=0),G17=3,F17=1),D17,"") | X17: =IF(AND(OR(E17=2,E17=0),G17=1,F17=1),D17,"") | Y17: =IF(AND(OR(E17=2,E17=0),G17=2,F17=1),D17,"") | Z17: =IF(AND(OR(E17=2,E17=0),G17=3,F17=1),D17,"") | AA17: =IF(AND(OR(E17=3,E17=0),G17=1,F17=1),D17,"") | AB17: =IF(AND(OR(E17=3,E17=0),G17=2,F17=1),D17,"") | AC17: =IF(AND(OR(E17=3,E17=0),G17=3,F17=1),D17,"") -> 190.99983 | AD17: =IF(AND(OR(E17=1,E17=0),G17=1,F17=0),J17,"") | AE17: =IF(AND(OR(E17=1,E17=0),G17=2,F17=0),J17,"") | AF17: =IF(AND(OR(E17=1,E17=0),G17=3,F17=0),J17,"") | AG17: =IF(AND(OR(E17=1,E17=0),G17=1,F17=1),J17,"") | AH17: =IF(AND(OR(E17=1,E17=0),G17=2,F17=1),J17,"") | AI17: =IF(AND(OR(E17=1,E17=0),G17=3,F17=1),J17,"") | AJ17: =IF(AND(OR(E17=2,E17=0),G17=1,F17=0),J17,"") | AK17: =IF(AND(OR(E17=2,E17=0),G17=2,F17=0),J17,"") | AL17: =IF(AND(OR(E17=2,E17=0),G17=3,F17=0),J17,"") | AM17: =IF(AND(OR(E17=2,E17=0),G17=1,F17=1),J17,"") | AN17: =IF(AND(OR(E17=2,E17=0),G17=2,F17=1),J17,"") | AO17: =IF(AND(OR(E17=2,E17=0),G17=3,F17=1),J17,"") | AP17: =IF(AND(OR(E17=3,E17=0),G17=1,F17=0),J17,"") | AQ17: =IF(AND(OR(E17=3,E17=0),G17=2,F17=0),J17,"") | AR17: =IF(AND(OR(E17=3,E17=0),G17=3,F17=0),J17,"") | AS17: =IF(AND(OR(E17=3,E17=0),G17=1,F17=1),J17,"") | AT17: =IF(AND(OR(E17=3,E17=0),G17=2,F17=1),J17,"") | AU17: =IF(AND(OR(E17=3,E17=0),G17=3,F17=1),J17,"") -> 190.99983
A18: また、あんなに無理をして（红毛巾） | D18: =持有情况!F10-ROW()*0.00001 -> 151.99982 | E18: 0 | F18: 0 | G18: 1 | H18: 1 | I18: 红毛巾 | J18: =INT((8.5/100)*路线!B11+15*路线!B31+3*路线!B24+40)-ROW()*0.00001 -> 151.99982 | L18: =IF(AND(OR(E18=1,E18=0),G18=1),D18,"") -> 151.99982 | M18: =IF(AND(OR(E18=2,E18=0),G18=1),D18,"") -> 151.99982 | N18: =IF(AND(OR(E18=3,E18=0),G18=1),D18,"") -> 151.99982 | O18: =IF(AND(OR(E18=1,E18=0),G18=2),D18,"") | P18: =IF(AND(OR(E18=2,E18=0),G18=2),D18,"") | Q18: =IF(AND(OR(E18=3,E18=0),G18=2),D18,"") | R18: =IF(AND(OR(E18=1,E18=0),G18=3),D18,"") | S18: =IF(AND(OR(E18=2,E18=0),G18=3),D18,"") | T18: =IF(AND(OR(E18=3,E18=0),G18=3),D18,"") | U18: =IF(AND(OR(E18=1,E18=0),G18=1,F18=1),D18,"") | V18: =IF(AND(OR(E18=1,E18=0),G18=2,F18=1),D18,"") | W18: =IF(AND(OR(E18=1,E18=0),G18=3,F18=1),D18,"") | X18: =IF(AND(OR(E18=2,E18=0),G18=1,F18=1),D18,"") | Y18: =IF(AND(OR(E18=2,E18=0),G18=2,F18=1),D18,"") | Z18: =IF(AND(OR(E18=2,E18=0),G18=3,F18=1),D18,"") | AA18: =IF(AND(OR(E18=3,E18=0),G18=1,F18=1),D18,"") | AB18: =IF(AND(OR(E18=3,E18=0),G18=2,F18=1),D18,"") | AC18: =IF(AND(OR(E18=3,E18=0),G18=3,F18=1),D18,"") | AD18: =IF(AND(OR(E18=1,E18=0),G18=1,F18=0),J18,"") -> 151.99982 | AE18: =IF(AND(OR(E18=1,E18=0),G18=2,F18=0),J18,"") | AF18: =IF(AND(OR(E18=1,E18=0),G18=3,F18=0),J18,"") | AG18: =IF(AND(OR(E18=1,E18=0),G18=1,F18=1),J18,"") | AH18: =IF(AND(OR(E18=1,E18=0),G18=2,F18=1),J18,"") | AI18: =IF(AND(OR(E18=1,E18=0),G18=3,F18=1),J18,"") | AJ18: =IF(AND(OR(E18=2,E18=0),G18=1,F18=0),J18,"") -> 151.99982 | AK18: =IF(AND(OR(E18=2,E18=0),G18=2,F18=0),J18,"") | AL18: =IF(AND(OR(E18=2,E18=0),G18=3,F18=0),J18,"") | AM18: =IF(AND(OR(E18=2,E18=0),G18=1,F18=1),J18,"") | AN18: =IF(AND(OR(E18=2,E18=0),G18=2,F18=1),J18,"") | AO18: =IF(AND(OR(E18=2,E18=0),G18=3,F18=1),J18,"") | AP18: =IF(AND(OR(E18=3,E18=0),G18=1,F18=0),J18,"") -> 151.99982 | AQ18: =IF(AND(OR(E18=3,E18=0),G18=2,F18=0),J18,"") | AR18: =IF(AND(OR(E18=3,E18=0),G18=3,F18=0),J18,"") | AS18: =IF(AND(OR(E18=3,E18=0),G18=1,F18=1),J18,"") | AT18: =IF(AND(OR(E18=3,E18=0),G18=2,F18=1),J18,"") | AU18: =IF(AND(OR(E18=3,E18=0),G18=3,F18=1),J18,"")
A19: 新たな挑戦の成功ですわ！（黄书签） | D19: =IF(路线!B4="计算",持有情况!AC64,持有情况!Z64)-ROW()*0.00001 -> 228.99981 | E19: 0 | F19: 1 | G19: 3 | H19: 0 | J19: =IF(路线!B4="计算",INT(60+6*路线!B14+3*路线!B23+40+持有情况!AC63),INT(60+6*路线!B14+3*路线!B23+40))-ROW()*0.00001 -> 228.99981 | L19: =IF(AND(OR(E19=1,E19=0),G19=1),D19,"") | M19: =IF(AND(OR(E19=2,E19=0),G19=1),D19,"") | N19: =IF(AND(OR(E19=3,E19=0),G19=1),D19,"") | O19: =IF(AND(OR(E19=1,E19=0),G19=2),D19,"") | P19: =IF(AND(OR(E19=2,E19=0),G19=2),D19,"") | Q19: =IF(AND(OR(E19=3,E19=0),G19=2),D19,"") | R19: =IF(AND(OR(E19=1,E19=0),G19=3),D19,"") -> 228.99981 | S19: =IF(AND(OR(E19=2,E19=0),G19=3),D19,"") -> 228.99981 | T19: =IF(AND(OR(E19=3,E19=0),G19=3),D19,"") -> 228.99981 | U19: =IF(AND(OR(E19=1,E19=0),G19=1,F19=1),D19,"") | V19: =IF(AND(OR(E19=1,E19=0),G19=2,F19=1),D19,"") | W19: =IF(AND(OR(E19=1,E19=0),G19=3,F19=1),D19,"") -> 228.99981 | X19: =IF(AND(OR(E19=2,E19=0),G19=1,F19=1),D19,"") | Y19: =IF(AND(OR(E19=2,E19=0),G19=2,F19=1),D19,"") | Z19: =IF(AND(OR(E19=2,E19=0),G19=3,F19=1),D19,"") -> 228.99981 | AA19: =IF(AND(OR(E19=3,E19=0),G19=1,F19=1),D19,"") | AB19: =IF(AND(OR(E19=3,E19=0),G19=2,F19=1),D19,"") | AC19: =IF(AND(OR(E19=3,E19=0),G19=3,F19=1),D19,"") -> 228.99981 | AD19: =IF(AND(OR(E19=1,E19=0),G19=1,F19=0),J19,"") | AE19: =IF(AND(OR(E19=1,E19=0),G19=2,F19=0),J19,"") | AF19: =IF(AND(OR(E19=1,E19=0),G19=3,F19=0),J19,"") | AG19: =IF(AND(OR(E19=1,E19=0),G19=1,F19=1),J19,"") | AH19: =IF(AND(OR(E19=1,E19=0),G19=2,F19=1),J19,"") | AI19: =IF(AND(OR(E19=1,E19=0),G19=3,F19=1),J19,"") -> 228.99981 | AJ19: =IF(AND(OR(E19=2,E19=0),G19=1,F19=0),J19,"") | AK19: =IF(AND(OR(E19=2,E19=0),G19=2,F19=0),J19,"") | AL19: =IF(AND(OR(E19=2,E19=0),G19=3,F19=0),J19,"") | AM19: =IF(AND(OR(E19=2,E19=0),G19=1,F19=1),J19,"") | AN19: =IF(AND(OR(E19=2,E19=0),G19=2,F19=1),J19,"") | AO19: =IF(AND(OR(E19=2,E19=0),G19=3,F19=1),J19,"") -> 228.99981 | AP19: =IF(AND(OR(E19=3,E19=0),G19=1,F19=0),J19,"") | AQ19: =IF(AND(OR(E19=3,E19=0),G19=2,F19=0),J19,"") | AR19: =IF(AND(OR(E19=3,E19=0),G19=3,F19=0),J19,"") | AS19: =IF(AND(OR(E19=3,E19=0),G19=1,F19=1),J19,"") | AT19: =IF(AND(OR(E19=3,E19=0),G19=2,F19=1),J19,"") | AU19: =IF(AND(OR(E19=3,E19=0),G19=3,F19=1),J19,"") -> 228.99981
A20: あなたたちのことが好き（秋千） | D20: =持有情况!P94-ROW()*0.00001 -> 185.9998 | E20: 2 | F20: 1 | G20: 2 | H20: 0 | J20: =INT(60+17*路线!B15+9*路线!B29+40)-ROW()*0.00001 -> 185.9998 | L20: =IF(AND(OR(E20=1,E20=0),G20=1),D20,"") | M20: =IF(AND(OR(E20=2,E20=0),G20=1),D20,"") | N20: =IF(AND(OR(E20=3,E20=0),G20=1),D20,"") | O20: =IF(AND(OR(E20=1,E20=0),G20=2),D20,"") | P20: =IF(AND(OR(E20=2,E20=0),G20=2),D20,"") -> 185.9998 | Q20: =IF(AND(OR(E20=3,E20=0),G20=2),D20,"") | R20: =IF(AND(OR(E20=1,E20=0),G20=3),D20,"") | S20: =IF(AND(OR(E20=2,E20=0),G20=3),D20,"") | T20: =IF(AND(OR(E20=3,E20=0),G20=3),D20,"") | U20: =IF(AND(OR(E20=1,E20=0),G20=1,F20=1),D20,"") | V20: =IF(AND(OR(E20=1,E20=0),G20=2,F20=1),D20,"") | W20: =IF(AND(OR(E20=1,E20=0),G20=3,F20=1),D20,"") | X20: =IF(AND(OR(E20=2,E20=0),G20=1,F20=1),D20,"") | Y20: =IF(AND(OR(E20=2,E20=0),G20=2,F20=1),D20,"") -> 185.9998 | Z20: =IF(AND(OR(E20=2,E20=0),G20=3,F20=1),D20,"") | AA20: =IF(AND(OR(E20=3,E20=0),G20=1,F20=1),D20,"") | AB20: =IF(AND(OR(E20=3,E20=0),G20=2,F20=1),D20,"") | AC20: =IF(AND(OR(E20=3,E20=0),G20=3,F20=1),D20,"") | AD20: =IF(AND(OR(E20=1,E20=0),G20=1,F20=0),J20,"") | AE20: =IF(AND(OR(E20=1,E20=0),G20=2,F20=0),J20,"") | AF20: =IF(AND(OR(E20=1,E20=0),G20=3,F20=0),J20,"") | AG20: =IF(AND(OR(E20=1,E20=0),G20=1,F20=1),J20,"") | AH20: =IF(AND(OR(E20=1,E20=0),G20=2,F20=1),J20,"") | AI20: =IF(AND(OR(E20=1,E20=0),G20=3,F20=1),J20,"") | AJ20: =IF(AND(OR(E20=2,E20=0),G20=1,F20=0),J20,"") | AK20: =IF(AND(OR(E20=2,E20=0),G20=2,F20=0),J20,"") | AL20: =IF(AND(OR(E20=2,E20=0),G20=3,F20=0),J20,"") | AM20: =IF(AND(OR(E20=2,E20=0),G20=1,F20=1),J20,"") | AN20: =IF(AND(OR(E20=2,E20=0),G20=2,F20=1),J20,"") -> 185.9998 | AO20: =IF(AND(OR(E20=2,E20=0),G20=3,F20=1),J20,"") | AP20: =IF(AND(OR(E20=3,E20=0),G20=1,F20=0),J20,"") | AQ20: =IF(AND(OR(E20=3,E20=0),G20=2,F20=0),J20,"") | AR20: =IF(AND(OR(E20=3,E20=0),G20=3,F20=0),J20,"") | AS20: =IF(AND(OR(E20=3,E20=0),G20=1,F20=1),J20,"") | AT20: =IF(AND(OR(E20=3,E20=0),G20=2,F20=1),J20,"") | AU20: =IF(AND(OR(E20=3,E20=0),G20=3,F20=1),J20,"")
A21: 花火、やりませんか……？（花火） | D21: =持有情况!Z52-ROW()*0.00001 -> 277.99979 | E21: 1 | F21: 0 | G21: 3 | H21: 1 | I21: 花火 | J21: =IF(路线!C6="计算",INT((8.5/100)*路线!B11+3*路线!B23+17*路线!B15+11*路线!B33+40+20)-ROW()*0.00001,INT((8.5/100)*路线!B11+3*路线!B23+17*路线!B15+11*路线!B33+40)-ROW()*0.00001) -> 277.99979 | L21: =IF(AND(OR(E21=1,E21=0),G21=1),D21,"") | M21: =IF(AND(OR(E21=2,E21=0),G21=1),D21,"") | N21: =IF(AND(OR(E21=3,E21=0),G21=1),D21,"") | O21: =IF(AND(OR(E21=1,E21=0),G21=2),D21,"") | P21: =IF(AND(OR(E21=2,E21=0),G21=2),D21,"") | Q21: =IF(AND(OR(E21=3,E21=0),G21=2),D21,"") | R21: =IF(AND(OR(E21=1,E21=0),G21=3),D21,"") -> 277.99979 | S21: =IF(AND(OR(E21=2,E21=0),G21=3),D21,"") | T21: =IF(AND(OR(E21=3,E21=0),G21=3),D21,"") | U21: =IF(AND(OR(E21=1,E21=0),G21=1,F21=1),D21,"") | V21: =IF(AND(OR(E21=1,E21=0),G21=2,F21=1),D21,"") | W21: =IF(AND(OR(E21=1,E21=0),G21=3,F21=1),D21,"") | X21: =IF(AND(OR(E21=2,E21=0),G21=1,F21=1),D21,"") | Y21: =IF(AND(OR(E21=2,E21=0),G21=2,F21=1),D21,"") | Z21: =IF(AND(OR(E21=2,E21=0),G21=3,F21=1),D21,"") | AA21: =IF(AND(OR(E21=3,E21=0),G21=1,F21=1),D21,"") | AB21: =IF(AND(OR(E21=3,E21=0),G21=2,F21=1),D21,"") | AC21: =IF(AND(OR(E21=3,E21=0),G21=3,F21=1),D21,"") | AD21: =IF(AND(OR(E21=1,E21=0),G21=1,F21=0),J21,"") | AE21: =IF(AND(OR(E21=1,E21=0),G21=2,F21=0),J21,"") | AF21: =IF(AND(OR(E21=1,E21=0),G21=3,F21=0),J21,"") -> 277.99979 | AG21: =IF(AND(OR(E21=1,E21=0),G21=1,F21=1),J21,"") | AH21: =IF(AND(OR(E21=1,E21=0),G21=2,F21=1),J21,"") | AI21: =IF(AND(OR(E21=1,E21=0),G21=3,F21=1),J21,"") | AJ21: =IF(AND(OR(E21=2,E21=0),G21=1,F21=0),J21,"") | AK21: =IF(AND(OR(E21=2,E21=0),G21=2,F21=0),J21,"") | AL21: =IF(AND(OR(E21=2,E21=0),G21=3,F21=0),J21,"") | AM21: =IF(AND(OR(E21=2,E21=0),G21=1,F21=1),J21,"") | AN21: =IF(AND(OR(E21=2,E21=0),G21=2,F21=1),J21,"") | AO21: =IF(AND(OR(E21=2,E21=0),G21=3,F21=1),J21,"") | AP21: =IF(AND(OR(E21=3,E21=0),G21=1,F21=0),J21,"") | AQ21: =IF(AND(OR(E21=3,E21=0),G21=2,F21=0),J21,"") | AR21: =IF(AND(OR(E21=3,E21=0),G21=3,F21=0),J21,"") | AS21: =IF(AND(OR(E21=3,E21=0),G21=1,F21=1),J21,"") | AT21: =IF(AND(OR(E21=3,E21=0),G21=2,F21=1),J21,"") | AU21: =IF(AND(OR(E21=3,E21=0),G21=3,F21=1),J21,"")
A22: ガールズ♡トーク（女子会） | D22: =持有情况!AT100-ROW()*0.00001 -> 138.99978 | E22: 1 | F22: 0 | G22: 2 | H22: 0 | J22: =INT(45+10*路线!B31+6*路线!B29+13*路线!B15+30)-ROW()*0.00001 -> 138.99978 | L22: =IF(AND(OR(E22=1,E22=0),G22=1),D22,"") | M22: =IF(AND(OR(E22=2,E22=0),G22=1),D22,"") | N22: =IF(AND(OR(E22=3,E22=0),G22=1),D22,"") | O22: =IF(AND(OR(E22=1,E22=0),G22=2),D22,"") -> 138.99978 | P22: =IF(AND(OR(E22=2,E22=0),G22=2),D22,"") | Q22: =IF(AND(OR(E22=3,E22=0),G22=2),D22,"") | R22: =IF(AND(OR(E22=1,E22=0),G22=3),D22,"") | S22: =IF(AND(OR(E22=2,E22=0),G22=3),D22,"") | T22: =IF(AND(OR(E22=3,E22=0),G22=3),D22,"") | U22: =IF(AND(OR(E22=1,E22=0),G22=1,F22=1),D22,"") | V22: =IF(AND(OR(E22=1,E22=0),G22=2,F22=1),D22,"") | W22: =IF(AND(OR(E22=1,E22=0),G22=3,F22=1),D22,"") | X22: =IF(AND(OR(E22=2,E22=0),G22=1,F22=1),D22,"") | Y22: =IF(AND(OR(E22=2,E22=0),G22=2,F22=1),D22,"") | Z22: =IF(AND(OR(E22=2,E22=0),G22=3,F22=1),D22,"") | AA22: =IF(AND(OR(E22=3,E22=0),G22=1,F22=1),D22,"") | AB22: =IF(AND(OR(E22=3,E22=0),G22=2,F22=1),D22,"") | AC22: =IF(AND(OR(E22=3,E22=0),G22=3,F22=1),D22,"") | AD22: =IF(AND(OR(E22=1,E22=0),G22=1,F22=0),J22,"") | AE22: =IF(AND(OR(E22=1,E22=0),G22=2,F22=0),J22,"") -> 138.99978 | AF22: =IF(AND(OR(E22=1,E22=0),G22=3,F22=0),J22,"") | AG22: =IF(AND(OR(E22=1,E22=0),G22=1,F22=1),J22,"") | AH22: =IF(AND(OR(E22=1,E22=0),G22=2,F22=1),J22,"") | AI22: =IF(AND(OR(E22=1,E22=0),G22=3,F22=1),J22,"") | AJ22: =IF(AND(OR(E22=2,E22=0),G22=1,F22=0),J22,"") | AK22: =IF(AND(OR(E22=2,E22=0),G22=2,F22=0),J22,"") | AL22: =IF(AND(OR(E22=2,E22=0),G22=3,F22=0),J22,"") | AM22: =IF(AND(OR(E22=2,E22=0),G22=1,F22=1),J22,"") | AN22: =IF(AND(OR(E22=2,E22=0),G22=2,F22=1),J22,"") | AO22: =IF(AND(OR(E22=2,E22=0),G22=3,F22=1),J22,"") | AP22: =IF(AND(OR(E22=3,E22=0),G22=1,F22=0),J22,"") | AQ22: =IF(AND(OR(E22=3,E22=0),G22=2,F22=0),J22,"") | AR22: =IF(AND(OR(E22=3,E22=0),G22=3,F22=0),J22,"") | AS22: =IF(AND(OR(E22=3,E22=0),G22=1,F22=1),J22,"") | AT22: =IF(AND(OR(E22=3,E22=0),G22=2,F22=1),J22,"") | AU22: =IF(AND(OR(E22=3,E22=0),G22=3,F22=1),J22,"")
A23: お姉ちゃんに任せなさい！（黄发卡） | D23: =持有情况!Z28-ROW()*0.00001 -> 199.99977 | E23: 0 | F23: 0 | G23: 3 | H23: 1 | I23: 黄发卡 | J23: =INT((8.5/100)*路线!B11+17*路线!B15+4*(路线!B28+路线!B29)+40)-ROW()*0.00001 -> 199.99977 | L23: =IF(AND(OR(E23=1,E23=0),G23=1),D23,"") | M23: =IF(AND(OR(E23=2,E23=0),G23=1),D23,"") | N23: =IF(AND(OR(E23=3,E23=0),G23=1),D23,"") | O23: =IF(AND(OR(E23=1,E23=0),G23=2),D23,"") | P23: =IF(AND(OR(E23=2,E23=0),G23=2),D23,"") | Q23: =IF(AND(OR(E23=3,E23=0),G23=2),D23,"") | R23: =IF(AND(OR(E23=1,E23=0),G23=3),D23,"") -> 199.99977 | S23: =IF(AND(OR(E23=2,E23=0),G23=3),D23,"") -> 199.99977 | T23: =IF(AND(OR(E23=3,E23=0),G23=3),D23,"") -> 199.99977 | U23: =IF(AND(OR(E23=1,E23=0),G23=1,F23=1),D23,"") | V23: =IF(AND(OR(E23=1,E23=0),G23=2,F23=1),D23,"") | W23: =IF(AND(OR(E23=1,E23=0),G23=3,F23=1),D23,"") | X23: =IF(AND(OR(E23=2,E23=0),G23=1,F23=1),D23,"") | Y23: =IF(AND(OR(E23=2,E23=0),G23=2,F23=1),D23,"") | Z23: =IF(AND(OR(E23=2,E23=0),G23=3,F23=1),D23,"") | AA23: =IF(AND(OR(E23=3,E23=0),G23=1,F23=1),D23,"") | AB23: =IF(AND(OR(E23=3,E23=0),G23=2,F23=1),D23,"") | AC23: =IF(AND(OR(E23=3,E23=0),G23=3,F23=1),D23,"") | AD23: =IF(AND(OR(E23=1,E23=0),G23=1,F23=0),J23,"") | AE23: =IF(AND(OR(E23=1,E23=0),G23=2,F23=0),J23,"") | AF23: =IF(AND(OR(E23=1,E23=0),G23=3,F23=0),J23,"") -> 199.99977 | AG23: =IF(AND(OR(E23=1,E23=0),G23=1,F23=1),J23,"") | AH23: =IF(AND(OR(E23=1,E23=0),G23=2,F23=1),J23,"") | AI23: =IF(AND(OR(E23=1,E23=0),G23=3,F23=1),J23,"") | AJ23: =IF(AND(OR(E23=2,E23=0),G23=1,F23=0),J23,"") | AK23: =IF(AND(OR(E23=2,E23=0),G23=2,F23=0),J23,"") | AL23: =IF(AND(OR(E23=2,E23=0),G23=3,F23=0),J23,"") -> 199.99977 | AM23: =IF(AND(OR(E23=2,E23=0),G23=1,F23=1),J23,"") | AN23: =IF(AND(OR(E23=2,E23=0),G23=2,F23=1),J23,"") | AO23: =IF(AND(OR(E23=2,E23=0),G23=3,F23=1),J23,"") | AP23: =IF(AND(OR(E23=3,E23=0),G23=1,F23=0),J23,"") | AQ23: =IF(AND(OR(E23=3,E23=0),G23=2,F23=0),J23,"") | AR23: =IF(AND(OR(E23=3,E23=0),G23=3,F23=0),J23,"") -> 199.99977 | AS23: =IF(AND(OR(E23=3,E23=0),G23=1,F23=1),J23,"") | AT23: =IF(AND(OR(E23=3,E23=0),G23=2,F23=1),J23,"") | AU23: =IF(AND(OR(E23=3,E23=0),G23=3,F23=1),J23,"")
A24: 絶対にお渡ししますわっ！（巧克力） | D24: =持有情况!F88-ROW()*0.00001 -> 123.99976 | E24: 2 | F24: 1 | G24: 1 | H24: 1 | I24: 巧克力 | J24: =INT(60+6*路线!B14+15*路线!B31+40)-ROW()*0.00001 -> 123.99976 | L24: =IF(AND(OR(E24=1,E24=0),G24=1),D24,"") | M24: =IF(AND(OR(E24=2,E24=0),G24=1),D24,"") -> 123.99976 | N24: =IF(AND(OR(E24=3,E24=0),G24=1),D24,"") | O24: =IF(AND(OR(E24=1,E24=0),G24=2),D24,"") | P24: =IF(AND(OR(E24=2,E24=0),G24=2),D24,"") | Q24: =IF(AND(OR(E24=3,E24=0),G24=2),D24,"") | R24: =IF(AND(OR(E24=1,E24=0),G24=3),D24,"") | S24: =IF(AND(OR(E24=2,E24=0),G24=3),D24,"") | T24: =IF(AND(OR(E24=3,E24=0),G24=3),D24,"") | U24: =IF(AND(OR(E24=1,E24=0),G24=1,F24=1),D24,"") | V24: =IF(AND(OR(E24=1,E24=0),G24=2,F24=1),D24,"") | W24: =IF(AND(OR(E24=1,E24=0),G24=3,F24=1),D24,"") | X24: =IF(AND(OR(E24=2,E24=0),G24=1,F24=1),D24,"") -> 123.99976 | Y24: =IF(AND(OR(E24=2,E24=0),G24=2,F24=1),D24,"") | Z24: =IF(AND(OR(E24=2,E24=0),G24=3,F24=1),D24,"") | AA24: =IF(AND(OR(E24=3,E24=0),G24=1,F24=1),D24,"") | AB24: =IF(AND(OR(E24=3,E24=0),G24=2,F24=1),D24,"") | AC24: =IF(AND(OR(E24=3,E24=0),G24=3,F24=1),D24,"") | AD24: =IF(AND(OR(E24=1,E24=0),G24=1,F24=0),J24,"") | AE24: =IF(AND(OR(E24=1,E24=0),G24=2,F24=0),J24,"") | AF24: =IF(AND(OR(E24=1,E24=0),G24=3,F24=0),J24,"") | AG24: =IF(AND(OR(E24=1,E24=0),G24=1,F24=1),J24,"") | AH24: =IF(AND(OR(E24=1,E24=0),G24=2,F24=1),J24,"") | AI24: =IF(AND(OR(E24=1,E24=0),G24=3,F24=1),J24,"") | AJ24: =IF(AND(OR(E24=2,E24=0),G24=1,F24=0),J24,"") | AK24: =IF(AND(OR(E24=2,E24=0),G24=2,F24=0),J24,"") | AL24: =IF(AND(OR(E24=2,E24=0),G24=3,F24=0),J24,"") | AM24: =IF(AND(OR(E24=2,E24=0),G24=1,F24=1),J24,"") -> 123.99976 | AN24: =IF(AND(OR(E24=2,E24=0),G24=2,F24=1),J24,"") | AO24: =IF(AND(OR(E24=2,E24=0),G24=3,F24=1),J24,"") | AP24: =IF(AND(OR(E24=3,E24=0),G24=1,F24=0),J24,"") | AQ24: =IF(AND(OR(E24=3,E24=0),G24=2,F24=0),J24,"") | AR24: =IF(AND(OR(E24=3,E24=0),G24=3,F24=0),J24,"") | AS24: =IF(AND(OR(E24=3,E24=0),G24=1,F24=1),J24,"") | AT24: =IF(AND(OR(E24=3,E24=0),G24=2,F24=1),J24,"") | AU24: =IF(AND(OR(E24=3,E24=0),G24=3,F24=1),J24,"")
A25: ほっぺた、ぷに（黄永年） | D25: =IF(路线!B4="计算",持有情况!BG16,持有情况!BD16)-ROW()*0.00001 -> 173.99975 | E25: 0 | F25: 0 | G25: 3 | H25: 0 | J25: =IF(路线!B4="计算",INT((6.4/100)*路线!B11+5*路线!B30+13*路线!B16+30+持有情况!AM15),INT((6.4/100)*路线!B11+5*路线!B30+13*路线!B16+30))-ROW()*0.00001 -> 173.99975 | L25: =IF(AND(OR(E25=1,E25=0),G25=1),D25,"") | M25: =IF(AND(OR(E25=2,E25=0),G25=1),D25,"") | N25: =IF(AND(OR(E25=3,E25=0),G25=1),D25,"") | O25: =IF(AND(OR(E25=1,E25=0),G25=2),D25,"") | P25: =IF(AND(OR(E25=2,E25=0),G25=2),D25,"") | Q25: =IF(AND(OR(E25=3,E25=0),G25=2),D25,"") | R25: =IF(AND(OR(E25=1,E25=0),G25=3),D25,"") -> 173.99975 | S25: =IF(AND(OR(E25=2,E25=0),G25=3),D25,"") -> 173.99975 | T25: =IF(AND(OR(E25=3,E25=0),G25=3),D25,"") -> 173.99975 | U25: =IF(AND(OR(E25=1,E25=0),G25=1,F25=1),D25,"") | V25: =IF(AND(OR(E25=1,E25=0),G25=2,F25=1),D25,"") | W25: =IF(AND(OR(E25=1,E25=0),G25=3,F25=1),D25,"") | X25: =IF(AND(OR(E25=2,E25=0),G25=1,F25=1),D25,"") | Y25: =IF(AND(OR(E25=2,E25=0),G25=2,F25=1),D25,"") | Z25: =IF(AND(OR(E25=2,E25=0),G25=3,F25=1),D25,"") | AA25: =IF(AND(OR(E25=3,E25=0),G25=1,F25=1),D25,"") | AB25: =IF(AND(OR(E25=3,E25=0),G25=2,F25=1),D25,"") | AC25: =IF(AND(OR(E25=3,E25=0),G25=3,F25=1),D25,"") | AD25: =IF(AND(OR(E25=1,E25=0),G25=1,F25=0),J25,"") | AE25: =IF(AND(OR(E25=1,E25=0),G25=2,F25=0),J25,"") | AF25: =IF(AND(OR(E25=1,E25=0),G25=3,F25=0),J25,"") -> 173.99975 | AG25: =IF(AND(OR(E25=1,E25=0),G25=1,F25=1),J25,"") | AH25: =IF(AND(OR(E25=1,E25=0),G25=2,F25=1),J25,"") | AI25: =IF(AND(OR(E25=1,E25=0),G25=3,F25=1),J25,"") | AJ25: =IF(AND(OR(E25=2,E25=0),G25=1,F25=0),J25,"") | AK25: =IF(AND(OR(E25=2,E25=0),G25=2,F25=0),J25,"") | AL25: =IF(AND(OR(E25=2,E25=0),G25=3,F25=0),J25,"") -> 173.99975 | AM25: =IF(AND(OR(E25=2,E25=0),G25=1,F25=1),J25,"") | AN25: =IF(AND(OR(E25=2,E25=0),G25=2,F25=1),J25,"") | AO25: =IF(AND(OR(E25=2,E25=0),G25=3,F25=1),J25,"") | AP25: =IF(AND(OR(E25=3,E25=0),G25=1,F25=0),J25,"") | AQ25: =IF(AND(OR(E25=3,E25=0),G25=2,F25=0),J25,"") | AR25: =IF(AND(OR(E25=3,E25=0),G25=3,F25=0),J25,"") -> 173.99975 | AS25: =IF(AND(OR(E25=3,E25=0),G25=1,F25=1),J25,"") | AT25: =IF(AND(OR(E25=3,E25=0),G25=2,F25=1),J25,"") | AU25: =IF(AND(OR(E25=3,E25=0),G25=3,F25=1),J25,"")
A26: 奥義、三重とび！（花式跳绳） | D26: =IF(路线!B4="计算",持有情况!BG82,持有情况!BD82)-ROW()*0.00001 -> 198.99974 | E26: 3 | F26: 0 | G26: 3 | H26: 0 | J26: =IF(路线!B4="计算",INT(45+6*路线!B29+17+5*路线!B30+30+持有情况!BG81),INT(45+6*路线!B29+17+5*路线!B30+30))-ROW()*0.00001 -> 198.99974 | L26: =IF(AND(OR(E26=1,E26=0),G26=1),D26,"") | M26: =IF(AND(OR(E26=2,E26=0),G26=1),D26,"") | N26: =IF(AND(OR(E26=3,E26=0),G26=1),D26,"") | O26: =IF(AND(OR(E26=1,E26=0),G26=2),D26,"") | P26: =IF(AND(OR(E26=2,E26=0),G26=2),D26,"") | Q26: =IF(AND(OR(E26=3,E26=0),G26=2),D26,"") | R26: =IF(AND(OR(E26=1,E26=0),G26=3),D26,"") | S26: =IF(AND(OR(E26=2,E26=0),G26=3),D26,"") | T26: =IF(AND(OR(E26=3,E26=0),G26=3),D26,"") -> 198.99974 | U26: =IF(AND(OR(E26=1,E26=0),G26=1,F26=1),D26,"") | V26: =IF(AND(OR(E26=1,E26=0),G26=2,F26=1),D26,"") | W26: =IF(AND(OR(E26=1,E26=0),G26=3,F26=1),D26,"") | X26: =IF(AND(OR(E26=2,E26=0),G26=1,F26=1),D26,"") | Y26: =IF(AND(OR(E26=2,E26=0),G26=2,F26=1),D26,"") | Z26: =IF(AND(OR(E26=2,E26=0),G26=3,F26=1),D26,"") | AA26: =IF(AND(OR(E26=3,E26=0),G26=1,F26=1),D26,"") | AB26: =IF(AND(OR(E26=3,E26=0),G26=2,F26=1),D26,"") | AC26: =IF(AND(OR(E26=3,E26=0),G26=3,F26=1),D26,"") | AD26: =IF(AND(OR(E26=1,E26=0),G26=1,F26=0),J26,"") | AE26: =IF(AND(OR(E26=1,E26=0),G26=2,F26=0),J26,"") | AF26: =IF(AND(OR(E26=1,E26=0),G26=3,F26=0),J26,"") | AG26: =IF(AND(OR(E26=1,E26=0),G26=1,F26=1),J26,"") | AH26: =IF(AND(OR(E26=1,E26=0),G26=2,F26=1),J26,"") | AI26: =IF(AND(OR(E26=1,E26=0),G26=3,F26=1),J26,"") | AJ26: =IF(AND(OR(E26=2,E26=0),G26=1,F26=0),J26,"") | AK26: =IF(AND(OR(E26=2,E26=0),G26=2,F26=0),J26,"") | AL26: =IF(AND(OR(E26=2,E26=0),G26=3,F26=0),J26,"") | AM26: =IF(AND(OR(E26=2,E26=0),G26=1,F26=1),J26,"") | AN26: =IF(AND(OR(E26=2,E26=0),G26=2,F26=1),J26,"") | AO26: =IF(AND(OR(E26=2,E26=0),G26=3,F26=1),J26,"") | AP26: =IF(AND(OR(E26=3,E26=0),G26=1,F26=0),J26,"") | AQ26: =IF(AND(OR(E26=3,E26=0),G26=2,F26=0),J26,"") | AR26: =IF(AND(OR(E26=3,E26=0),G26=3,F26=0),J26,"") -> 198.99974 | AS26: =IF(AND(OR(E26=3,E26=0),G26=1,F26=1),J26,"") | AT26: =IF(AND(OR(E26=3,E26=0),G26=2,F26=1),J26,"") | AU26: =IF(AND(OR(E26=3,E26=0),G26=3,F26=1),J26,"")
A27: こいつらめんどくさー（红吵架） | D27: =持有情况!F28-ROW()*0.00001 -> 201.99973 | E27: 1 | F27: 0 | G27: 1 | H27: 1 | I27: 红吵架 | J27: =IF(路线!C6="计算",INT(路线!B11*(8.5/100)+7*路线!B29+13*路线!B15+40+20)-ROW()*0.00001,INT(路线!B11*(8.5/100)+7*路线!B29+13*路线!B15+40)-ROW()*0.00001) -> 201.99973 | L27: =IF(AND(OR(E27=1,E27=0),G27=1),D27,"") -> 201.99973 | M27: =IF(AND(OR(E27=2,E27=0),G27=1),D27,"") | N27: =IF(AND(OR(E27=3,E27=0),G27=1),D27,"") | O27: =IF(AND(OR(E27=1,E27=0),G27=2),D27,"") | P27: =IF(AND(OR(E27=2,E27=0),G27=2),D27,"") | Q27: =IF(AND(OR(E27=3,E27=0),G27=2),D27,"") | R27: =IF(AND(OR(E27=1,E27=0),G27=3),D27,"") | S27: =IF(AND(OR(E27=2,E27=0),G27=3),D27,"") | T27: =IF(AND(OR(E27=3,E27=0),G27=3),D27,"") | U27: =IF(AND(OR(E27=1,E27=0),G27=1,F27=1),D27,"") | V27: =IF(AND(OR(E27=1,E27=0),G27=2,F27=1),D27,"") | W27: =IF(AND(OR(E27=1,E27=0),G27=3,F27=1),D27,"") | X27: =IF(AND(OR(E27=2,E27=0),G27=1,F27=1),D27,"") | Y27: =IF(AND(OR(E27=2,E27=0),G27=2,F27=1),D27,"") | Z27: =IF(AND(OR(E27=2,E27=0),G27=3,F27=1),D27,"") | AA27: =IF(AND(OR(E27=3,E27=0),G27=1,F27=1),D27,"") | AB27: =IF(AND(OR(E27=3,E27=0),G27=2,F27=1),D27,"") | AC27: =IF(AND(OR(E27=3,E27=0),G27=3,F27=1),D27,"") | AD27: =IF(AND(OR(E27=1,E27=0),G27=1,F27=0),J27,"") -> 201.99973 | AE27: =IF(AND(OR(E27=1,E27=0),G27=2,F27=0),J27,"") | AF27: =IF(AND(OR(E27=1,E27=0),G27=3,F27=0),J27,"") | AG27: =IF(AND(OR(E27=1,E27=0),G27=1,F27=1),J27,"") | AH27: =IF(AND(OR(E27=1,E27=0),G27=2,F27=1),J27,"") | AI27: =IF(AND(OR(E27=1,E27=0),G27=3,F27=1),J27,"") | AJ27: =IF(AND(OR(E27=2,E27=0),G27=1,F27=0),J27,"") | AK27: =IF(AND(OR(E27=2,E27=0),G27=2,F27=0),J27,"") | AL27: =IF(AND(OR(E27=2,E27=0),G27=3,F27=0),J27,"") | AM27: =IF(AND(OR(E27=2,E27=0),G27=1,F27=1),J27,"") | AN27: =IF(AND(OR(E27=2,E27=0),G27=2,F27=1),J27,"") | AO27: =IF(AND(OR(E27=2,E27=0),G27=3,F27=1),J27,"") | AP27: =IF(AND(OR(E27=3,E27=0),G27=1,F27=0),J27,"") | AQ27: =IF(AND(OR(E27=3,E27=0),G27=2,F27=0),J27,"") | AR27: =IF(AND(OR(E27=3,E27=0),G27=3,F27=0),J27,"") | AS27: =IF(AND(OR(E27=3,E27=0),G27=1,F27=1),J27,"") | AT27: =IF(AND(OR(E27=3,E27=0),G27=2,F27=1),J27,"") | AU27: =IF(AND(OR(E27=3,E27=0),G27=3,F27=1),J27,"")
A28: わたしたち、やればできる（蓝厨房） | D28: =持有情况!P16-ROW()*0.00001 -> 201.99972 | E28: 2 | F28: 0 | G28: 2 | H28: 1 | I28: 蓝厨房 | J28: =IF(路线!C6="计算",INT(路线!B11*(8.5/100)+7*路线!B29+13*路线!B15+40+20)-ROW()*0.00001,INT(路线!B11*(8.5/100)+7*路线!B29+13*路线!B15+40)-ROW()*0.00001) -> 201.99972 | L28: =IF(AND(OR(E28=1,E28=0),G28=1),D28,"") | M28: =IF(AND(OR(E28=2,E28=0),G28=1),D28,"") | N28: =IF(AND(OR(E28=3,E28=0),G28=1),D28,"") | O28: =IF(AND(OR(E28=1,E28=0),G28=2),D28,"") | P28: =IF(AND(OR(E28=2,E28=0),G28=2),D28,"") -> 201.99972 | Q28: =IF(AND(OR(E28=3,E28=0),G28=2),D28,"") | R28: =IF(AND(OR(E28=1,E28=0),G28=3),D28,"") | S28: =IF(AND(OR(E28=2,E28=0),G28=3),D28,"") | T28: =IF(AND(OR(E28=3,E28=0),G28=3),D28,"") | U28: =IF(AND(OR(E28=1,E28=0),G28=1,F28=1),D28,"") | V28: =IF(AND(OR(E28=1,E28=0),G28=2,F28=1),D28,"") | W28: =IF(AND(OR(E28=1,E28=0),G28=3,F28=1),D28,"") | X28: =IF(AND(OR(E28=2,E28=0),G28=1,F28=1),D28,"") | Y28: =IF(AND(OR(E28=2,E28=0),G28=2,F28=1),D28,"") | Z28: =IF(AND(OR(E28=2,E28=0),G28=3,F28=1),D28,"") | AA28: =IF(AND(OR(E28=3,E28=0),G28=1,F28=1),D28,"") | AB28: =IF(AND(OR(E28=3,E28=0),G28=2,F28=1),D28,"") | AC28: =IF(AND(OR(E28=3,E28=0),G28=3,F28=1),D28,"") | AD28: =IF(AND(OR(E28=1,E28=0),G28=1,F28=0),J28,"") | AE28: =IF(AND(OR(E28=1,E28=0),G28=2,F28=0),J28,"") | AF28: =IF(AND(OR(E28=1,E28=0),G28=3,F28=0),J28,"") | AG28: =IF(AND(OR(E28=1,E28=0),G28=1,F28=1),J28,"") | AH28: =IF(AND(OR(E28=1,E28=0),G28=2,F28=1),J28,"") | AI28: =IF(AND(OR(E28=1,E28=0),G28=3,F28=1),J28,"") | AJ28: =IF(AND(OR(E28=2,E28=0),G28=1,F28=0),J28,"") | AK28: =IF(AND(OR(E28=2,E28=0),G28=2,F28=0),J28,"") -> 201.99972 | AL28: =IF(AND(OR(E28=2,E28=0),G28=3,F28=0),J28,"") | AM28: =IF(AND(OR(E28=2,E28=0),G28=1,F28=1),J28,"") | AN28: =IF(AND(OR(E28=2,E28=0),G28=2,F28=1),J28,"") | AO28: =IF(AND(OR(E28=2,E28=0),G28=3,F28=1),J28,"") | AP28: =IF(AND(OR(E28=3,E28=0),G28=1,F28=0),J28,"") | AQ28: =IF(AND(OR(E28=3,E28=0),G28=2,F28=0),J28,"") | AR28: =IF(AND(OR(E28=3,E28=0),G28=3,F28=0),J28,"") | AS28: =IF(AND(OR(E28=3,E28=0),G28=1,F28=1),J28,"") | AT28: =IF(AND(OR(E28=3,E28=0),G28=2,F28=1),J28,"") | AU28: =IF(AND(OR(E28=3,E28=0),G28=3,F28=1),J28,"")
A29: ひとりで立てますか？（溜冰） | D29: =持有情况!P100-ROW()*0.00001 -> 203.99971 | E29: 0 | F29: 1 | G29: 2 | H29: 1 | I29: 溜冰 | J29: =INT(60+17*路线!B15+3*路线!B24+40)-ROW()*0.00001 -> 203.99971 | L29: =IF(AND(OR(E29=1,E29=0),G29=1),D29,"") | M29: =IF(AND(OR(E29=2,E29=0),G29=1),D29,"") | N29: =IF(AND(OR(E29=3,E29=0),G29=1),D29,"") | O29: =IF(AND(OR(E29=1,E29=0),G29=2),D29,"") -> 203.99971 | P29: =IF(AND(OR(E29=2,E29=0),G29=2),D29,"") -> 203.99971 | Q29: =IF(AND(OR(E29=3,E29=0),G29=2),D29,"") -> 203.99971 | R29: =IF(AND(OR(E29=1,E29=0),G29=3),D29,"") | S29: =IF(AND(OR(E29=2,E29=0),G29=3),D29,"") | T29: =IF(AND(OR(E29=3,E29=0),G29=3),D29,"") | U29: =IF(AND(OR(E29=1,E29=0),G29=1,F29=1),D29,"") | V29: =IF(AND(OR(E29=1,E29=0),G29=2,F29=1),D29,"") -> 203.99971 | W29: =IF(AND(OR(E29=1,E29=0),G29=3,F29=1),D29,"") | X29: =IF(AND(OR(E29=2,E29=0),G29=1,F29=1),D29,"") | Y29: =IF(AND(OR(E29=2,E29=0),G29=2,F29=1),D29,"") -> 203.99971 | Z29: =IF(AND(OR(E29=2,E29=0),G29=3,F29=1),D29,"") | AA29: =IF(AND(OR(E29=3,E29=0),G29=1,F29=1),D29,"") | AB29: =IF(AND(OR(E29=3,E29=0),G29=2,F29=1),D29,"") -> 203.99971 | AC29: =IF(AND(OR(E29=3,E29=0),G29=3,F29=1),D29,"") | AD29: =IF(AND(OR(E29=1,E29=0),G29=1,F29=0),J29,"") | AE29: =IF(AND(OR(E29=1,E29=0),G29=2,F29=0),J29,"") | AF29: =IF(AND(OR(E29=1,E29=0),G29=3,F29=0),J29,"") | AG29: =IF(AND(OR(E29=1,E29=0),G29=1,F29=1),J29,"") | AH29: =IF(AND(OR(E29=1,E29=0),G29=2,F29=1),J29,"") -> 203.99971 | AI29: =IF(AND(OR(E29=1,E29=0),G29=3,F29=1),J29,"") | AJ29: =IF(AND(OR(E29=2,E29=0),G29=1,F29=0),J29,"") | AK29: =IF(AND(OR(E29=2,E29=0),G29=2,F29=0),J29,"") | AL29: =IF(AND(OR(E29=2,E29=0),G29=3,F29=0),J29,"") | AM29: =IF(AND(OR(E29=2,E29=0),G29=1,F29=1),J29,"") | AN29: =IF(AND(OR(E29=2,E29=0),G29=2,F29=1),J29,"") -> 203.99971 | AO29: =IF(AND(OR(E29=2,E29=0),G29=3,F29=1),J29,"") | AP29: =IF(AND(OR(E29=3,E29=0),G29=1,F29=0),J29,"") | AQ29: =IF(AND(OR(E29=3,E29=0),G29=2,F29=0),J29,"") | AR29: =IF(AND(OR(E29=3,E29=0),G29=3,F29=0),J29,"") | AS29: =IF(AND(OR(E29=3,E29=0),G29=1,F29=1),J29,"") | AT29: =IF(AND(OR(E29=3,E29=0),G29=2,F29=1),J29,"") -> 203.99971 | AU29: =IF(AND(OR(E29=3,E29=0),G29=3,F29=1),J29,"")
A30: まるで王子様みたいな（王子） | D30: =持有情况!Z16-ROW()*0.00001 -> 203.9997 | E30: 0 | F30: 1 | G30: 3 | H30: 1 | I30: 王子 | J30: =INT(60+17*路线!B15+3*路线!B24+40)-ROW()*0.00001 -> 203.9997 | L30: =IF(AND(OR(E30=1,E30=0),G30=1),D30,"") | M30: =IF(AND(OR(E30=2,E30=0),G30=1),D30,"") | N30: =IF(AND(OR(E30=3,E30=0),G30=1),D30,"") | O30: =IF(AND(OR(E30=1,E30=0),G30=2),D30,"") | P30: =IF(AND(OR(E30=2,E30=0),G30=2),D30,"") | Q30: =IF(AND(OR(E30=3,E30=0),G30=2),D30,"") | R30: =IF(AND(OR(E30=1,E30=0),G30=3),D30,"") -> 203.9997 | S30: =IF(AND(OR(E30=2,E30=0),G30=3),D30,"") -> 203.9997 | T30: =IF(AND(OR(E30=3,E30=0),G30=3),D30,"") -> 203.9997 | U30: =IF(AND(OR(E30=1,E30=0),G30=1,F30=1),D30,"") | V30: =IF(AND(OR(E30=1,E30=0),G30=2,F30=1),D30,"") | W30: =IF(AND(OR(E30=1,E30=0),G30=3,F30=1),D30,"") -> 203.9997 | X30: =IF(AND(OR(E30=2,E30=0),G30=1,F30=1),D30,"") | Y30: =IF(AND(OR(E30=2,E30=0),G30=2,F30=1),D30,"") | Z30: =IF(AND(OR(E30=2,E30=0),G30=3,F30=1),D30,"") -> 203.9997 | AA30: =IF(AND(OR(E30=3,E30=0),G30=1,F30=1),D30,"") | AB30: =IF(AND(OR(E30=3,E30=0),G30=2,F30=1),D30,"") | AC30: =IF(AND(OR(E30=3,E30=0),G30=3,F30=1),D30,"") -> 203.9997 | AD30: =IF(AND(OR(E30=1,E30=0),G30=1,F30=0),J30,"") | AE30: =IF(AND(OR(E30=1,E30=0),G30=2,F30=0),J30,"") | AF30: =IF(AND(OR(E30=1,E30=0),G30=3,F30=0),J30,"") | AG30: =IF(AND(OR(E30=1,E30=0),G30=1,F30=1),J30,"") | AH30: =IF(AND(OR(E30=1,E30=0),G30=2,F30=1),J30,"") | AI30: =IF(AND(OR(E30=1,E30=0),G30=3,F30=1),J30,"") -> 203.9997 | AJ30: =IF(AND(OR(E30=2,E30=0),G30=1,F30=0),J30,"") | AK30: =IF(AND(OR(E30=2,E30=0),G30=2,F30=0),J30,"") | AL30: =IF(AND(OR(E30=2,E30=0),G30=3,F30=0),J30,"") | AM30: =IF(AND(OR(E30=2,E30=0),G30=1,F30=1),J30,"") | AN30: =IF(AND(OR(E30=2,E30=0),G30=2,F30=1),J30,"") | AO30: =IF(AND(OR(E30=2,E30=0),G30=3,F30=1),J30,"") -> 203.9997 | AP30: =IF(AND(OR(E30=3,E30=0),G30=1,F30=0),J30,"") | AQ30: =IF(AND(OR(E30=3,E30=0),G30=2,F30=0),J30,"") | AR30: =IF(AND(OR(E30=3,E30=0),G30=3,F30=0),J30,"") | AS30: =IF(AND(OR(E30=3,E30=0),G30=1,F30=1),J30,"") | AT30: =IF(AND(OR(E30=3,E30=0),G30=2,F30=1),J30,"") | AU30: =IF(AND(OR(E30=3,E30=0),G30=3,F30=1),J30,"") -> 203.9997
A31: さみだれ（公交车站） | D31: =持有情况!Z82-ROW()*0.00001 -> 201.99969 | E31: 3 | F31: 0 | G31: 3 | H31: 1 | I31: 公交车站 | J31: =IF(路线!C6="计算",INT(路线!B11*(8.5/100)+7*路线!B29+13*路线!B15+40+20)-ROW()*0.00001,INT(路线!B11*(8.5/100)+7*路线!B29+13*路线!B15+40)-ROW()*0.00001) -> 201.99969 | L31: =IF(AND(OR(E31=1,E31=0),G31=1),D31,"") | M31: =IF(AND(OR(E31=2,E31=0),G31=1),D31,"") | N31: =IF(AND(OR(E31=3,E31=0),G31=1),D31,"") | O31: =IF(AND(OR(E31=1,E31=0),G31=2),D31,"") | P31: =IF(AND(OR(E31=2,E31=0),G31=2),D31,"") | Q31: =IF(AND(OR(E31=3,E31=0),G31=2),D31,"") | R31: =IF(AND(OR(E31=1,E31=0),G31=3),D31,"") | S31: =IF(AND(OR(E31=2,E31=0),G31=3),D31,"") | T31: =IF(AND(OR(E31=3,E31=0),G31=3),D31,"") -> 201.99969 | U31: =IF(AND(OR(E31=1,E31=0),G31=1,F31=1),D31,"") | V31: =IF(AND(OR(E31=1,E31=0),G31=2,F31=1),D31,"") | W31: =IF(AND(OR(E31=1,E31=0),G31=3,F31=1),D31,"") | X31: =IF(AND(OR(E31=2,E31=0),G31=1,F31=1),D31,"") | Y31: =IF(AND(OR(E31=2,E31=0),G31=2,F31=1),D31,"") | Z31: =IF(AND(OR(E31=2,E31=0),G31=3,F31=1),D31,"") | AA31: =IF(AND(OR(E31=3,E31=0),G31=1,F31=1),D31,"") | AB31: =IF(AND(OR(E31=3,E31=0),G31=2,F31=1),D31,"") | AC31: =IF(AND(OR(E31=3,E31=0),G31=3,F31=1),D31,"") | AD31: =IF(AND(OR(E31=1,E31=0),G31=1,F31=0),J31,"") | AE31: =IF(AND(OR(E31=1,E31=0),G31=2,F31=0),J31,"") | AF31: =IF(AND(OR(E31=1,E31=0),G31=3,F31=0),J31,"") | AG31: =IF(AND(OR(E31=1,E31=0),G31=1,F31=1),J31,"") | AH31: =IF(AND(OR(E31=1,E31=0),G31=2,F31=1),J31,"") | AI31: =IF(AND(OR(E31=1,E31=0),G31=3,F31=1),J31,"") | AJ31: =IF(AND(OR(E31=2,E31=0),G31=1,F31=0),J31,"") | AK31: =IF(AND(OR(E31=2,E31=0),G31=2,F31=0),J31,"") | AL31: =IF(AND(OR(E31=2,E31=0),G31=3,F31=0),J31,"") | AM31: =IF(AND(OR(E31=2,E31=0),G31=1,F31=1),J31,"") | AN31: =IF(AND(OR(E31=2,E31=0),G31=2,F31=1),J31,"") | AO31: =IF(AND(OR(E31=2,E31=0),G31=3,F31=1),J31,"") | AP31: =IF(AND(OR(E31=3,E31=0),G31=1,F31=0),J31,"") | AQ31: =IF(AND(OR(E31=3,E31=0),G31=2,F31=0),J31,"") | AR31: =IF(AND(OR(E31=3,E31=0),G31=3,F31=0),J31,"") -> 201.99969 | AS31: =IF(AND(OR(E31=3,E31=0),G31=1,F31=1),J31,"") | AT31: =IF(AND(OR(E31=3,E31=0),G31=2,F31=1),J31,"") | AU31: =IF(AND(OR(E31=3,E31=0),G31=3,F31=1),J31,"")
A32: 夏を楽しみましょう！（红购物） | D32: =持有情况!F52-ROW()*0.00001 -> 205.99968 | E32: 1 | F32: 0 | G32: 1 | H32: 1 | I32: 红购物 | J32: =INT((8.5/100)*路线!B11+17*路线!B15+11*路线!B39+40)-ROW()*0.00001 -> 205.99968 | L32: =IF(AND(OR(E32=1,E32=0),G32=1),D32,"") -> 205.99968 | M32: =IF(AND(OR(E32=2,E32=0),G32=1),D32,"") | N32: =IF(AND(OR(E32=3,E32=0),G32=1),D32,"") | O32: =IF(AND(OR(E32=1,E32=0),G32=2),D32,"") | P32: =IF(AND(OR(E32=2,E32=0),G32=2),D32,"") | Q32: =IF(AND(OR(E32=3,E32=0),G32=2),D32,"") | R32: =IF(AND(OR(E32=1,E32=0),G32=3),D32,"") | S32: =IF(AND(OR(E32=2,E32=0),G32=3),D32,"") | T32: =IF(AND(OR(E32=3,E32=0),G32=3),D32,"") | U32: =IF(AND(OR(E32=1,E32=0),G32=1,F32=1),D32,"") | V32: =IF(AND(OR(E32=1,E32=0),G32=2,F32=1),D32,"") | W32: =IF(AND(OR(E32=1,E32=0),G32=3,F32=1),D32,"") | X32: =IF(AND(OR(E32=2,E32=0),G32=1,F32=1),D32,"") | Y32: =IF(AND(OR(E32=2,E32=0),G32=2,F32=1),D32,"") | Z32: =IF(AND(OR(E32=2,E32=0),G32=3,F32=1),D32,"") | AA32: =IF(AND(OR(E32=3,E32=0),G32=1,F32=1),D32,"") | AB32: =IF(AND(OR(E32=3,E32=0),G32=2,F32=1),D32,"") | AC32: =IF(AND(OR(E32=3,E32=0),G32=3,F32=1),D32,"") | AD32: =IF(AND(OR(E32=1,E32=0),G32=1,F32=0),J32,"") -> 205.99968 | AE32: =IF(AND(OR(E32=1,E32=0),G32=2,F32=0),J32,"") | AF32: =IF(AND(OR(E32=1,E32=0),G32=3,F32=0),J32,"") | AG32: =IF(AND(OR(E32=1,E32=0),G32=1,F32=1),J32,"") | AH32: =IF(AND(OR(E32=1,E32=0),G32=2,F32=1),J32,"") | AI32: =IF(AND(OR(E32=1,E32=0),G32=3,F32=1),J32,"") | AJ32: =IF(AND(OR(E32=2,E32=0),G32=1,F32=0),J32,"") | AK32: =IF(AND(OR(E32=2,E32=0),G32=2,F32=0),J32,"") | AL32: =IF(AND(OR(E32=2,E32=0),G32=3,F32=0),J32,"") | AM32: =IF(AND(OR(E32=2,E32=0),G32=1,F32=1),J32,"") | AN32: =IF(AND(OR(E32=2,E32=0),G32=2,F32=1),J32,"") | AO32: =IF(AND(OR(E32=2,E32=0),G32=3,F32=1),J32,"") | AP32: =IF(AND(OR(E32=3,E32=0),G32=1,F32=0),J32,"") | AQ32: =IF(AND(OR(E32=3,E32=0),G32=2,F32=0),J32,"") | AR32: =IF(AND(OR(E32=3,E32=0),G32=3,F32=0),J32,"") | AS32: =IF(AND(OR(E32=3,E32=0),G32=1,F32=1),J32,"") | AT32: =IF(AND(OR(E32=3,E32=0),G32=2,F32=1),J32,"") | AU32: =IF(AND(OR(E32=3,E32=0),G32=3,F32=1),J32,"")
A33: もうっ！ 冷たいよ！（蓝喷水） | D33: =持有情况!P40-ROW()*0.00001 -> 189.99967 | E33: 2 | F33: 1 | G33: 2 | H33: 1 | I33: 蓝喷水 | J33: =INT(60+17*路线!B15+22+40)-ROW()*0.00001 -> 189.99967 | L33: =IF(AND(OR(E33=1,E33=0),G33=1),D33,"") | M33: =IF(AND(OR(E33=2,E33=0),G33=1),D33,"") | N33: =IF(AND(OR(E33=3,E33=0),G33=1),D33,"") | O33: =IF(AND(OR(E33=1,E33=0),G33=2),D33,"") | P33: =IF(AND(OR(E33=2,E33=0),G33=2),D33,"") -> 189.99967 | Q33: =IF(AND(OR(E33=3,E33=0),G33=2),D33,"") | R33: =IF(AND(OR(E33=1,E33=0),G33=3),D33,"") | S33: =IF(AND(OR(E33=2,E33=0),G33=3),D33,"") | T33: =IF(AND(OR(E33=3,E33=0),G33=3),D33,"") | U33: =IF(AND(OR(E33=1,E33=0),G33=1,F33=1),D33,"") | V33: =IF(AND(OR(E33=1,E33=0),G33=2,F33=1),D33,"") | W33: =IF(AND(OR(E33=1,E33=0),G33=3,F33=1),D33,"") | X33: =IF(AND(OR(E33=2,E33=0),G33=1,F33=1),D33,"") | Y33: =IF(AND(OR(E33=2,E33=0),G33=2,F33=1),D33,"") -> 189.99967 | Z33: =IF(AND(OR(E33=2,E33=0),G33=3,F33=1),D33,"") | AA33: =IF(AND(OR(E33=3,E33=0),G33=1,F33=1),D33,"") | AB33: =IF(AND(OR(E33=3,E33=0),G33=2,F33=1),D33,"") | AC33: =IF(AND(OR(E33=3,E33=0),G33=3,F33=1),D33,"") | AD33: =IF(AND(OR(E33=1,E33=0),G33=1,F33=0),J33,"") | AE33: =IF(AND(OR(E33=1,E33=0),G33=2,F33=0),J33,"") | AF33: =IF(AND(OR(E33=1,E33=0),G33=3,F33=0),J33,"") | AG33: =IF(AND(OR(E33=1,E33=0),G33=1,F33=1),J33,"") | AH33: =IF(AND(OR(E33=1,E33=0),G33=2,F33=1),J33,"") | AI33: =IF(AND(OR(E33=1,E33=0),G33=3,F33=1),J33,"") | AJ33: =IF(AND(OR(E33=2,E33=0),G33=1,F33=0),J33,"") | AK33: =IF(AND(OR(E33=2,E33=0),G33=2,F33=0),J33,"") | AL33: =IF(AND(OR(E33=2,E33=0),G33=3,F33=0),J33,"") | AM33: =IF(AND(OR(E33=2,E33=0),G33=1,F33=1),J33,"") | AN33: =IF(AND(OR(E33=2,E33=0),G33=2,F33=1),J33,"") -> 189.99967 | AO33: =IF(AND(OR(E33=2,E33=0),G33=3,F33=1),J33,"") | AP33: =IF(AND(OR(E33=3,E33=0),G33=1,F33=0),J33,"") | AQ33: =IF(AND(OR(E33=3,E33=0),G33=2,F33=0),J33,"") | AR33: =IF(AND(OR(E33=3,E33=0),G33=3,F33=0),J33,"") | AS33: =IF(AND(OR(E33=3,E33=0),G33=1,F33=1),J33,"") | AT33: =IF(AND(OR(E33=3,E33=0),G33=2,F33=1),J33,"") | AU33: =IF(AND(OR(E33=3,E33=0),G33=3,F33=1),J33,"")
A34: おいしい顔、いただき～！（蓝拍照） | D34: =持有情况!P22-ROW()*0.00001 -> 203.99966 | E34: 0 | F34: 1 | G34: 2 | H34: 1 | I34: 蓝拍照 | J34: =IF(路线!C6="计算",INT(60+17*路线!B15+4*(路线!B28+路线!B29)+40+20)-ROW()*0.00001,INT(60+17*路线!B15+4*(路线!B28+路线!B29)+40)-ROW()*0.00001) -> 203.99966 | L34: =IF(AND(OR(E34=1,E34=0),G34=1),D34,"") | M34: =IF(AND(OR(E34=2,E34=0),G34=1),D34,"") | N34: =IF(AND(OR(E34=3,E34=0),G34=1),D34,"") | O34: =IF(AND(OR(E34=1,E34=0),G34=2),D34,"") -> 203.99966 | P34: =IF(AND(OR(E34=2,E34=0),G34=2),D34,"") -> 203.99966 | Q34: =IF(AND(OR(E34=3,E34=0),G34=2),D34,"") -> 203.99966 | R34: =IF(AND(OR(E34=1,E34=0),G34=3),D34,"") | S34: =IF(AND(OR(E34=2,E34=0),G34=3),D34,"") | T34: =IF(AND(OR(E34=3,E34=0),G34=3),D34,"") | U34: =IF(AND(OR(E34=1,E34=0),G34=1,F34=1),D34,"") | V34: =IF(AND(OR(E34=1,E34=0),G34=2,F34=1),D34,"") -> 203.99966 | W34: =IF(AND(OR(E34=1,E34=0),G34=3,F34=1),D34,"") | X34: =IF(AND(OR(E34=2,E34=0),G34=1,F34=1),D34,"") | Y34: =IF(AND(OR(E34=2,E34=0),G34=2,F34=1),D34,"") -> 203.99966 | Z34: =IF(AND(OR(E34=2,E34=0),G34=3,F34=1),D34,"") | AA34: =IF(AND(OR(E34=3,E34=0),G34=1,F34=1),D34,"") | AB34: =IF(AND(OR(E34=3,E34=0),G34=2,F34=1),D34,"") -> 203.99966 | AC34: =IF(AND(OR(E34=3,E34=0),G34=3,F34=1),D34,"") | AD34: =IF(AND(OR(E34=1,E34=0),G34=1,F34=0),J34,"") | AE34: =IF(AND(OR(E34=1,E34=0),G34=2,F34=0),J34,"") | AF34: =IF(AND(OR(E34=1,E34=0),G34=3,F34=0),J34,"") | AG34: =IF(AND(OR(E34=1,E34=0),G34=1,F34=1),J34,"") | AH34: =IF(AND(OR(E34=1,E34=0),G34=2,F34=1),J34,"") -> 203.99966 | AI34: =IF(AND(OR(E34=1,E34=0),G34=3,F34=1),J34,"") | AJ34: =IF(AND(OR(E34=2,E34=0),G34=1,F34=0),J34,"") | AK34: =IF(AND(OR(E34=2,E34=0),G34=2,F34=0),J34,"") | AL34: =IF(AND(OR(E34=2,E34=0),G34=3,F34=0),J34,"") | AM34: =IF(AND(OR(E34=2,E34=0),G34=1,F34=1),J34,"") | AN34: =IF(AND(OR(E34=2,E34=0),G34=2,F34=1),J34,"") -> 203.99966 | AO34: =IF(AND(OR(E34=2,E34=0),G34=3,F34=1),J34,"") | AP34: =IF(AND(OR(E34=3,E34=0),G34=1,F34=0),J34,"") | AQ34: =IF(AND(OR(E34=3,E34=0),G34=2,F34=0),J34,"") | AR34: =IF(AND(OR(E34=3,E34=0),G34=3,F34=0),J34,"") | AS34: =IF(AND(OR(E34=3,E34=0),G34=1,F34=1),J34,"") | AT34: =IF(AND(OR(E34=3,E34=0),G34=2,F34=1),J34,"") -> 203.99966 | AU34: =IF(AND(OR(E34=3,E34=0),G34=3,F34=1),J34,"")
A35: 愛無き暗記は難しい（永年） | D35: =IF(路线!B4="计算",持有情况!AM16,持有情况!AJ16)-ROW()*0.00001 -> 161.99965 | E35: 0 | F35: 0 | G35: 1 | H35: 0 | J35: =IF(路线!B4="计算",INT(45+5*路线!B30+13*路线!B16+30+持有情况!AM15),INT(45+5*路线!B30+13*路线!B16+30))-ROW()*0.00001 -> 161.99965 | L35: =IF(AND(OR(E35=1,E35=0),G35=1),D35,"") -> 161.99965 | M35: =IF(AND(OR(E35=2,E35=0),G35=1),D35,"") -> 161.99965 | N35: =IF(AND(OR(E35=3,E35=0),G35=1),D35,"") -> 161.99965 | O35: =IF(AND(OR(E35=1,E35=0),G35=2),D35,"") | P35: =IF(AND(OR(E35=2,E35=0),G35=2),D35,"") | Q35: =IF(AND(OR(E35=3,E35=0),G35=2),D35,"") | R35: =IF(AND(OR(E35=1,E35=0),G35=3),D35,"") | S35: =IF(AND(OR(E35=2,E35=0),G35=3),D35,"") | T35: =IF(AND(OR(E35=3,E35=0),G35=3),D35,"") | U35: =IF(AND(OR(E35=1,E35=0),G35=1,F35=1),D35,"") | V35: =IF(AND(OR(E35=1,E35=0),G35=2,F35=1),D35,"") | W35: =IF(AND(OR(E35=1,E35=0),G35=3,F35=1),D35,"") | X35: =IF(AND(OR(E35=2,E35=0),G35=1,F35=1),D35,"") | Y35: =IF(AND(OR(E35=2,E35=0),G35=2,F35=1),D35,"") | Z35: =IF(AND(OR(E35=2,E35=0),G35=3,F35=1),D35,"") | AA35: =IF(AND(OR(E35=3,E35=0),G35=1,F35=1),D35,"") | AB35: =IF(AND(OR(E35=3,E35=0),G35=2,F35=1),D35,"") | AC35: =IF(AND(OR(E35=3,E35=0),G35=3,F35=1),D35,"") | AD35: =IF(AND(OR(E35=1,E35=0),G35=1,F35=0),J35,"") -> 161.99965 | AE35: =IF(AND(OR(E35=1,E35=0),G35=2,F35=0),J35,"") | AF35: =IF(AND(OR(E35=1,E35=0),G35=3,F35=0),J35,"") | AG35: =IF(AND(OR(E35=1,E35=0),G35=1,F35=1),J35,"") | AH35: =IF(AND(OR(E35=1,E35=0),G35=2,F35=1),J35,"") | AI35: =IF(AND(OR(E35=1,E35=0),G35=3,F35=1),J35,"") | AJ35: =IF(AND(OR(E35=2,E35=0),G35=1,F35=0),J35,"") -> 161.99965 | AK35: =IF(AND(OR(E35=2,E35=0),G35=2,F35=0),J35,"") | AL35: =IF(AND(OR(E35=2,E35=0),G35=3,F35=0),J35,"") | AM35: =IF(AND(OR(E35=2,E35=0),G35=1,F35=1),J35,"") | AN35: =IF(AND(OR(E35=2,E35=0),G35=2,F35=1),J35,"") | AO35: =IF(AND(OR(E35=2,E35=0),G35=3,F35=1),J35,"") | AP35: =IF(AND(OR(E35=3,E35=0),G35=1,F35=0),J35,"") -> 161.99965 | AQ35: =IF(AND(OR(E35=3,E35=0),G35=2,F35=0),J35,"") | AR35: =IF(AND(OR(E35=3,E35=0),G35=3,F35=0),J35,"") | AS35: =IF(AND(OR(E35=3,E35=0),G35=1,F35=1),J35,"") | AT35: =IF(AND(OR(E35=3,E35=0),G35=2,F35=1),J35,"") | AU35: =IF(AND(OR(E35=3,E35=0),G35=3,F35=1),J35,"")
A36: 嬉し恥ずかし夢心地（姐姐百科） | D36: =IF(路线!B4="计算",持有情况!AW10,持有情况!AT10)-ROW()*0.00001 -> 161.99964 | E36: 0 | F36: 0 | G36: 2 | H36: 0 | J36: =IF(路线!B4="计算",INT(45+5*路线!B30+13*路线!B16+30+持有情况!AM15),INT(45+5*路线!B30+13*路线!B16+30))-ROW()*0.00001 -> 161.99964 | L36: =IF(AND(OR(E36=1,E36=0),G36=1),D36,"") | M36: =IF(AND(OR(E36=2,E36=0),G36=1),D36,"") | N36: =IF(AND(OR(E36=3,E36=0),G36=1),D36,"") | O36: =IF(AND(OR(E36=1,E36=0),G36=2),D36,"") -> 161.99964 | P36: =IF(AND(OR(E36=2,E36=0),G36=2),D36,"") -> 161.99964 | Q36: =IF(AND(OR(E36=3,E36=0),G36=2),D36,"") -> 161.99964 | R36: =IF(AND(OR(E36=1,E36=0),G36=3),D36,"") | S36: =IF(AND(OR(E36=2,E36=0),G36=3),D36,"") | T36: =IF(AND(OR(E36=3,E36=0),G36=3),D36,"") | U36: =IF(AND(OR(E36=1,E36=0),G36=1,F36=1),D36,"") | V36: =IF(AND(OR(E36=1,E36=0),G36=2,F36=1),D36,"") | W36: =IF(AND(OR(E36=1,E36=0),G36=3,F36=1),D36,"") | X36: =IF(AND(OR(E36=2,E36=0),G36=1,F36=1),D36,"") | Y36: =IF(AND(OR(E36=2,E36=0),G36=2,F36=1),D36,"") | Z36: =IF(AND(OR(E36=2,E36=0),G36=3,F36=1),D36,"") | AA36: =IF(AND(OR(E36=3,E36=0),G36=1,F36=1),D36,"") | AB36: =IF(AND(OR(E36=3,E36=0),G36=2,F36=1),D36,"") | AC36: =IF(AND(OR(E36=3,E36=0),G36=3,F36=1),D36,"") | AD36: =IF(AND(OR(E36=1,E36=0),G36=1,F36=0),J36,"") | AE36: =IF(AND(OR(E36=1,E36=0),G36=2,F36=0),J36,"") -> 161.99964 | AF36: =IF(AND(OR(E36=1,E36=0),G36=3,F36=0),J36,"") | AG36: =IF(AND(OR(E36=1,E36=0),G36=1,F36=1),J36,"") | AH36: =IF(AND(OR(E36=1,E36=0),G36=2,F36=1),J36,"") | AI36: =IF(AND(OR(E36=1,E36=0),G36=3,F36=1),J36,"") | AJ36: =IF(AND(OR(E36=2,E36=0),G36=1,F36=0),J36,"") | AK36: =IF(AND(OR(E36=2,E36=0),G36=2,F36=0),J36,"") -> 161.99964 | AL36: =IF(AND(OR(E36=2,E36=0),G36=3,F36=0),J36,"") | AM36: =IF(AND(OR(E36=2,E36=0),G36=1,F36=1),J36,"") | AN36: =IF(AND(OR(E36=2,E36=0),G36=2,F36=1),J36,"") | AO36: =IF(AND(OR(E36=2,E36=0),G36=3,F36=1),J36,"") | AP36: =IF(AND(OR(E36=3,E36=0),G36=1,F36=0),J36,"") | AQ36: =IF(AND(OR(E36=3,E36=0),G36=2,F36=0),J36,"") -> 161.99964 | AR36: =IF(AND(OR(E36=3,E36=0),G36=3,F36=0),J36,"") | AS36: =IF(AND(OR(E36=3,E36=0),G36=1,F36=1),J36,"") | AT36: =IF(AND(OR(E36=3,E36=0),G36=2,F36=1),J36,"") | AU36: =IF(AND(OR(E36=3,E36=0),G36=3,F36=1),J36,"")
A37: はいっ、みんなも一緒に♪（fes3） | D37: =持有情况!F82-ROW()*0.00001 -> 115.99963 | E37: 3 | F37: 1 | G37: 1 | H37: 0 | J37: =INT((8.5/100)*路线!B11+15*路线!B31+40)-ROW()*0.00001 -> 115.99963 | L37: =IF(AND(OR(E37=1,E37=0),G37=1),D37,"") | M37: =IF(AND(OR(E37=2,E37=0),G37=1),D37,"") | N37: =IF(AND(OR(E37=3,E37=0),G37=1),D37,"") -> 115.99963 | O37: =IF(AND(OR(E37=1,E37=0),G37=2),D37,"") | P37: =IF(AND(OR(E37=2,E37=0),G37=2),D37,"") | Q37: =IF(AND(OR(E37=3,E37=0),G37=2),D37,"") | R37: =IF(AND(OR(E37=1,E37=0),G37=3),D37,"") | S37: =IF(AND(OR(E37=2,E37=0),G37=3),D37,"") | T37: =IF(AND(OR(E37=3,E37=0),G37=3),D37,"") | U37: =IF(AND(OR(E37=1,E37=0),G37=1,F37=1),D37,"") | V37: =IF(AND(OR(E37=1,E37=0),G37=2,F37=1),D37,"") | W37: =IF(AND(OR(E37=1,E37=0),G37=3,F37=1),D37,"") | X37: =IF(AND(OR(E37=2,E37=0),G37=1,F37=1),D37,"") | Y37: =IF(AND(OR(E37=2,E37=0),G37=2,F37=1),D37,"") | Z37: =IF(AND(OR(E37=2,E37=0),G37=3,F37=1),D37,"") | AA37: =IF(AND(OR(E37=3,E37=0),G37=1,F37=1),D37,"") -> 115.99963 | AB37: =IF(AND(OR(E37=3,E37=0),G37=2,F37=1),D37,"") | AC37: =IF(AND(OR(E37=3,E37=0),G37=3,F37=1),D37,"") | AD37: =IF(AND(OR(E37=1,E37=0),G37=1,F37=0),J37,"") | AE37: =IF(AND(OR(E37=1,E37=0),G37=2,F37=0),J37,"") | AF37: =IF(AND(OR(E37=1,E37=0),G37=3,F37=0),J37,"") | AG37: =IF(AND(OR(E37=1,E37=0),G37=1,F37=1),J37,"") | AH37: =IF(AND(OR(E37=1,E37=0),G37=2,F37=1),J37,"") | AI37: =IF(AND(OR(E37=1,E37=0),G37=3,F37=1),J37,"") | AJ37: =IF(AND(OR(E37=2,E37=0),G37=1,F37=0),J37,"") | AK37: =IF(AND(OR(E37=2,E37=0),G37=2,F37=0),J37,"") | AL37: =IF(AND(OR(E37=2,E37=0),G37=3,F37=0),J37,"") | AM37: =IF(AND(OR(E37=2,E37=0),G37=1,F37=1),J37,"") | AN37: =IF(AND(OR(E37=2,E37=0),G37=2,F37=1),J37,"") | AO37: =IF(AND(OR(E37=2,E37=0),G37=3,F37=1),J37,"") | AP37: =IF(AND(OR(E37=3,E37=0),G37=1,F37=0),J37,"") | AQ37: =IF(AND(OR(E37=3,E37=0),G37=2,F37=0),J37,"") | AR37: =IF(AND(OR(E37=3,E37=0),G37=3,F37=0),J37,"") | AS37: =IF(AND(OR(E37=3,E37=0),G37=1,F37=1),J37,"") -> 115.99963 | AT37: =IF(AND(OR(E37=3,E37=0),G37=2,F37=1),J37,"") | AU37: =IF(AND(OR(E37=3,E37=0),G37=3,F37=1),J37,"")
A38: 晴れたね（蓝睡） | D38: =持有情况!P34-ROW()*0.00001 -> 159.99962 | E38: 0 | F38: 0 | G38: 2 | H38: 1 | I38: 蓝睡 | J38: =INT((8.5/100)*路线!B11+22*路线!B32+15*路线!B31+40)-ROW()*0.00001 -> 159.99962 | L38: =IF(AND(OR(E38=1,E38=0),G38=1),D38,"") | M38: =IF(AND(OR(E38=2,E38=0),G38=1),D38,"") | N38: =IF(AND(OR(E38=3,E38=0),G38=1),D38,"") | O38: =IF(AND(OR(E38=1,E38=0),G38=2),D38,"") -> 159.99962 | P38: =IF(AND(OR(E38=2,E38=0),G38=2),D38,"") -> 159.99962 | Q38: =IF(AND(OR(E38=3,E38=0),G38=2),D38,"") -> 159.99962 | R38: =IF(AND(OR(E38=1,E38=0),G38=3),D38,"") | S38: =IF(AND(OR(E38=2,E38=0),G38=3),D38,"") | T38: =IF(AND(OR(E38=3,E38=0),G38=3),D38,"") | U38: =IF(AND(OR(E38=1,E38=0),G38=1,F38=1),D38,"") | V38: =IF(AND(OR(E38=1,E38=0),G38=2,F38=1),D38,"") | W38: =IF(AND(OR(E38=1,E38=0),G38=3,F38=1),D38,"") | X38: =IF(AND(OR(E38=2,E38=0),G38=1,F38=1),D38,"") | Y38: =IF(AND(OR(E38=2,E38=0),G38=2,F38=1),D38,"") | Z38: =IF(AND(OR(E38=2,E38=0),G38=3,F38=1),D38,"") | AA38: =IF(AND(OR(E38=3,E38=0),G38=1,F38=1),D38,"") | AB38: =IF(AND(OR(E38=3,E38=0),G38=2,F38=1),D38,"") | AC38: =IF(AND(OR(E38=3,E38=0),G38=3,F38=1),D38,"") | AD38: =IF(AND(OR(E38=1,E38=0),G38=1,F38=0),J38,"") | AE38: =IF(AND(OR(E38=1,E38=0),G38=2,F38=0),J38,"") -> 159.99962 | AF38: =IF(AND(OR(E38=1,E38=0),G38=3,F38=0),J38,"") | AG38: =IF(AND(OR(E38=1,E38=0),G38=1,F38=1),J38,"") | AH38: =IF(AND(OR(E38=1,E38=0),G38=2,F38=1),J38,"") | AI38: =IF(AND(OR(E38=1,E38=0),G38=3,F38=1),J38,"") | AJ38: =IF(AND(OR(E38=2,E38=0),G38=1,F38=0),J38,"") | AK38: =IF(AND(OR(E38=2,E38=0),G38=2,F38=0),J38,"") -> 159.99962 | AL38: =IF(AND(OR(E38=2,E38=0),G38=3,F38=0),J38,"") | AM38: =IF(AND(OR(E38=2,E38=0),G38=1,F38=1),J38,"") | AN38: =IF(AND(OR(E38=2,E38=0),G38=2,F38=1),J38,"") | AO38: =IF(AND(OR(E38=2,E38=0),G38=3,F38=1),J38,"") | AP38: =IF(AND(OR(E38=3,E38=0),G38=1,F38=0),J38,"") | AQ38: =IF(AND(OR(E38=3,E38=0),G38=2,F38=0),J38,"") -> 159.99962 | AR38: =IF(AND(OR(E38=3,E38=0),G38=3,F38=0),J38,"") | AS38: =IF(AND(OR(E38=3,E38=0),G38=1,F38=1),J38,"") | AT38: =IF(AND(OR(E38=3,E38=0),G38=2,F38=1),J38,"") | AU38: =IF(AND(OR(E38=3,E38=0),G38=3,F38=1),J38,"")
A39: きゅる～んωポーズッ☆（可爱pose） | D39: =IF(路线!B4="计算",持有情况!AW76,持有情况!AT76)-ROW()*0.00001 -> 203.99961 | E39: 2 | F39: 1 | G39: 2 | H39: 0 | J39: =IF(路线!B4="计算",INT(45+17+13*路线!B15+30+持有情况!AW75),INT(45+17+13*路线!B15+30))-ROW()*0.00001 -> 203.99961 | L39: =IF(AND(OR(E39=1,E39=0),G39=1),D39,"") | M39: =IF(AND(OR(E39=2,E39=0),G39=1),D39,"") | N39: =IF(AND(OR(E39=3,E39=0),G39=1),D39,"") | O39: =IF(AND(OR(E39=1,E39=0),G39=2),D39,"") | P39: =IF(AND(OR(E39=2,E39=0),G39=2),D39,"") -> 203.99961 | Q39: =IF(AND(OR(E39=3,E39=0),G39=2),D39,"") | R39: =IF(AND(OR(E39=1,E39=0),G39=3),D39,"") | S39: =IF(AND(OR(E39=2,E39=0),G39=3),D39,"") | T39: =IF(AND(OR(E39=3,E39=0),G39=3),D39,"") | U39: =IF(AND(OR(E39=1,E39=0),G39=1,F39=1),D39,"") | V39: =IF(AND(OR(E39=1,E39=0),G39=2,F39=1),D39,"") | W39: =IF(AND(OR(E39=1,E39=0),G39=3,F39=1),D39,"") | X39: =IF(AND(OR(E39=2,E39=0),G39=1,F39=1),D39,"") | Y39: =IF(AND(OR(E39=2,E39=0),G39=2,F39=1),D39,"") -> 203.99961 | Z39: =IF(AND(OR(E39=2,E39=0),G39=3,F39=1),D39,"") | AA39: =IF(AND(OR(E39=3,E39=0),G39=1,F39=1),D39,"") | AB39: =IF(AND(OR(E39=3,E39=0),G39=2,F39=1),D39,"") | AC39: =IF(AND(OR(E39=3,E39=0),G39=3,F39=1),D39,"") | AD39: =IF(AND(OR(E39=1,E39=0),G39=1,F39=0),J39,"") | AE39: =IF(AND(OR(E39=1,E39=0),G39=2,F39=0),J39,"") | AF39: =IF(AND(OR(E39=1,E39=0),G39=3,F39=0),J39,"") | AG39: =IF(AND(OR(E39=1,E39=0),G39=1,F39=1),J39,"") | AH39: =IF(AND(OR(E39=1,E39=0),G39=2,F39=1),J39,"") | AI39: =IF(AND(OR(E39=1,E39=0),G39=3,F39=1),J39,"") | AJ39: =IF(AND(OR(E39=2,E39=0),G39=1,F39=0),J39,"") | AK39: =IF(AND(OR(E39=2,E39=0),G39=2,F39=0),J39,"") | AL39: =IF(AND(OR(E39=2,E39=0),G39=3,F39=0),J39,"") | AM39: =IF(AND(OR(E39=2,E39=0),G39=1,F39=1),J39,"") | AN39: =IF(AND(OR(E39=2,E39=0),G39=2,F39=1),J39,"") -> 203.99961 | AO39: =IF(AND(OR(E39=2,E39=0),G39=3,F39=1),J39,"") | AP39: =IF(AND(OR(E39=3,E39=0),G39=1,F39=0),J39,"") | AQ39: =IF(AND(OR(E39=3,E39=0),G39=2,F39=0),J39,"") | AR39: =IF(AND(OR(E39=3,E39=0),G39=3,F39=0),J39,"") | AS39: =IF(AND(OR(E39=3,E39=0),G39=1,F39=1),J39,"") | AT39: =IF(AND(OR(E39=3,E39=0),G39=2,F39=1),J39,"") | AU39: =IF(AND(OR(E39=3,E39=0),G39=3,F39=1),J39,"")
A40: かちこちストレッチ（菲柱体前屈） | D40: =IF(路线!B4="计算",持有情况!BG34,持有情况!BD34)-ROW()*0.00001 -> 230.9996 | E40: 2 | F40: 0 | G40: 3 | H40: 0 | J40: =IF(路线!B4="计算",INT((6.4/100)*路线!B11+8*路线!B33+13*路线!B15+30+持有情况!BG33),INT((6.4/100)*路线!B11+8*路线!B33+13*路线!B15+30))-ROW()*0.00001 -> 230.9996 | L40: =IF(AND(OR(E40=1,E40=0),G40=1),D40,"") | M40: =IF(AND(OR(E40=2,E40=0),G40=1),D40,"") | N40: =IF(AND(OR(E40=3,E40=0),G40=1),D40,"") | O40: =IF(AND(OR(E40=1,E40=0),G40=2),D40,"") | P40: =IF(AND(OR(E40=2,E40=0),G40=2),D40,"") | Q40: =IF(AND(OR(E40=3,E40=0),G40=2),D40,"") | R40: =IF(AND(OR(E40=1,E40=0),G40=3),D40,"") | S40: =IF(AND(OR(E40=2,E40=0),G40=3),D40,"") -> 230.9996 | T40: =IF(AND(OR(E40=3,E40=0),G40=3),D40,"") | U40: =IF(AND(OR(E40=1,E40=0),G40=1,F40=1),D40,"") | V40: =IF(AND(OR(E40=1,E40=0),G40=2,F40=1),D40,"") | W40: =IF(AND(OR(E40=1,E40=0),G40=3,F40=1),D40,"") | X40: =IF(AND(OR(E40=2,E40=0),G40=1,F40=1),D40,"") | Y40: =IF(AND(OR(E40=2,E40=0),G40=2,F40=1),D40,"") | Z40: =IF(AND(OR(E40=2,E40=0),G40=3,F40=1),D40,"") | AA40: =IF(AND(OR(E40=3,E40=0),G40=1,F40=1),D40,"") | AB40: =IF(AND(OR(E40=3,E40=0),G40=2,F40=1),D40,"") | AC40: =IF(AND(OR(E40=3,E40=0),G40=3,F40=1),D40,"") | AD40: =IF(AND(OR(E40=1,E40=0),G40=1,F40=0),J40,"") | AE40: =IF(AND(OR(E40=1,E40=0),G40=2,F40=0),J40,"") | AF40: =IF(AND(OR(E40=1,E40=0),G40=3,F40=0),J40,"") | AG40: =IF(AND(OR(E40=1,E40=0),G40=1,F40=1),J40,"") | AH40: =IF(AND(OR(E40=1,E40=0),G40=2,F40=1),J40,"") | AI40: =IF(AND(OR(E40=1,E40=0),G40=3,F40=1),J40,"") | AJ40: =IF(AND(OR(E40=2,E40=0),G40=1,F40=0),J40,"") | AK40: =IF(AND(OR(E40=2,E40=0),G40=2,F40=0),J40,"") | AL40: =IF(AND(OR(E40=2,E40=0),G40=3,F40=0),J40,"") -> 230.9996 | AM40: =IF(AND(OR(E40=2,E40=0),G40=1,F40=1),J40,"") | AN40: =IF(AND(OR(E40=2,E40=0),G40=2,F40=1),J40,"") | AO40: =IF(AND(OR(E40=2,E40=0),G40=3,F40=1),J40,"") | AP40: =IF(AND(OR(E40=3,E40=0),G40=1,F40=0),J40,"") | AQ40: =IF(AND(OR(E40=3,E40=0),G40=2,F40=0),J40,"") | AR40: =IF(AND(OR(E40=3,E40=0),G40=3,F40=0),J40,"") | AS40: =IF(AND(OR(E40=3,E40=0),G40=1,F40=1),J40,"") | AT40: =IF(AND(OR(E40=3,E40=0),G40=2,F40=1),J40,"") | AU40: =IF(AND(OR(E40=3,E40=0),G40=3,F40=1),J40,"")
A41: SSCの爆誕（毒蘑菇旧鞋跟） | D41: =持有情况!BD70-ROW()*0.00001 -> 158.99959 | E41: 3 | F41: 1 | G41: 3 | H41: 1 | I41: 毒蘑菇旧鞋跟 | J41: =IF(路线!C6="计算",INT((6.4/100)*路线!B11+10*路线!B31+13*路线!B15+30+20)-ROW()*0.00001,INT((6.4/100)*路线!B11+10*路线!B31+13*路线!B15+30)-ROW()*0.00001) -> 158.99959 | L41: =IF(AND(OR(E41=1,E41=0),G41=1),D41,"") | M41: =IF(AND(OR(E41=2,E41=0),G41=1),D41,"") | N41: =IF(AND(OR(E41=3,E41=0),G41=1),D41,"") | O41: =IF(AND(OR(E41=1,E41=0),G41=2),D41,"") | P41: =IF(AND(OR(E41=2,E41=0),G41=2),D41,"") | Q41: =IF(AND(OR(E41=3,E41=0),G41=2),D41,"") | R41: =IF(AND(OR(E41=1,E41=0),G41=3),D41,"") | S41: =IF(AND(OR(E41=2,E41=0),G41=3),D41,"") | T41: =IF(AND(OR(E41=3,E41=0),G41=3),D41,"") -> 158.99959 | U41: =IF(AND(OR(E41=1,E41=0),G41=1,F41=1),D41,"") | V41: =IF(AND(OR(E41=1,E41=0),G41=2,F41=1),D41,"") | W41: =IF(AND(OR(E41=1,E41=0),G41=3,F41=1),D41,"") | X41: =IF(AND(OR(E41=2,E41=0),G41=1,F41=1),D41,"") | Y41: =IF(AND(OR(E41=2,E41=0),G41=2,F41=1),D41,"") | Z41: =IF(AND(OR(E41=2,E41=0),G41=3,F41=1),D41,"") | AA41: =IF(AND(OR(E41=3,E41=0),G41=1,F41=1),D41,"") | AB41: =IF(AND(OR(E41=3,E41=0),G41=2,F41=1),D41,"") | AC41: =IF(AND(OR(E41=3,E41=0),G41=3,F41=1),D41,"") -> 158.99959 | AD41: =IF(AND(OR(E41=1,E41=0),G41=1,F41=0),J41,"") | AE41: =IF(AND(OR(E41=1,E41=0),G41=2,F41=0),J41,"") | AF41: =IF(AND(OR(E41=1,E41=0),G41=3,F41=0),J41,"") | AG41: =IF(AND(OR(E41=1,E41=0),G41=1,F41=1),J41,"") | AH41: =IF(AND(OR(E41=1,E41=0),G41=2,F41=1),J41,"") | AI41: =IF(AND(OR(E41=1,E41=0),G41=3,F41=1),J41,"") | AJ41: =IF(AND(OR(E41=2,E41=0),G41=1,F41=0),J41,"") | AK41: =IF(AND(OR(E41=2,E41=0),G41=2,F41=0),J41,"") | AL41: =IF(AND(OR(E41=2,E41=0),G41=3,F41=0),J41,"") | AM41: =IF(AND(OR(E41=2,E41=0),G41=1,F41=1),J41,"") | AN41: =IF(AND(OR(E41=2,E41=0),G41=2,F41=1),J41,"") | AO41: =IF(AND(OR(E41=2,E41=0),G41=3,F41=1),J41,"") | AP41: =IF(AND(OR(E41=3,E41=0),G41=1,F41=0),J41,"") | AQ41: =IF(AND(OR(E41=3,E41=0),G41=2,F41=0),J41,"") | AR41: =IF(AND(OR(E41=3,E41=0),G41=3,F41=0),J41,"") | AS41: =IF(AND(OR(E41=3,E41=0),G41=1,F41=1),J41,"") | AT41: =IF(AND(OR(E41=3,E41=0),G41=2,F41=1),J41,"") | AU41: =IF(AND(OR(E41=3,E41=0),G41=3,F41=1),J41,"") -> 158.99959
A42: 私の目に狂いはない（黄再动） | D42: =持有情况!Z10-ROW()*0.00001 -> 180.99958 | E42: 0 | F42: 0 | G42: 3 | H42: 1 | I42: 黄再动 | J42: =INT(路线!B11*(8.5/100)+7*路线!B30+4*(路线!B28+路线!B29)+40)-ROW()*0.00001 -> 180.99958 | L42: =IF(AND(OR(E42=1,E42=0),G42=1),D42,"") | M42: =IF(AND(OR(E42=2,E42=0),G42=1),D42,"") | N42: =IF(AND(OR(E42=3,E42=0),G42=1),D42,"") | O42: =IF(AND(OR(E42=1,E42=0),G42=2),D42,"") | P42: =IF(AND(OR(E42=2,E42=0),G42=2),D42,"") | Q42: =IF(AND(OR(E42=3,E42=0),G42=2),D42,"") | R42: =IF(AND(OR(E42=1,E42=0),G42=3),D42,"") -> 180.99958 | S42: =IF(AND(OR(E42=2,E42=0),G42=3),D42,"") -> 180.99958 | T42: =IF(AND(OR(E42=3,E42=0),G42=3),D42,"") -> 180.99958 | U42: =IF(AND(OR(E42=1,E42=0),G42=1,F42=1),D42,"") | V42: =IF(AND(OR(E42=1,E42=0),G42=2,F42=1),D42,"") | W42: =IF(AND(OR(E42=1,E42=0),G42=3,F42=1),D42,"") | X42: =IF(AND(OR(E42=2,E42=0),G42=1,F42=1),D42,"") | Y42: =IF(AND(OR(E42=2,E42=0),G42=2,F42=1),D42,"") | Z42: =IF(AND(OR(E42=2,E42=0),G42=3,F42=1),D42,"") | AA42: =IF(AND(OR(E42=3,E42=0),G42=1,F42=1),D42,"") | AB42: =IF(AND(OR(E42=3,E42=0),G42=2,F42=1),D42,"") | AC42: =IF(AND(OR(E42=3,E42=0),G42=3,F42=1),D42,"") | AD42: =IF(AND(OR(E42=1,E42=0),G42=1,F42=0),J42,"") | AE42: =IF(AND(OR(E42=1,E42=0),G42=2,F42=0),J42,"") | AF42: =IF(AND(OR(E42=1,E42=0),G42=3,F42=0),J42,"") -> 180.99958 | AG42: =IF(AND(OR(E42=1,E42=0),G42=1,F42=1),J42,"") | AH42: =IF(AND(OR(E42=1,E42=0),G42=2,F42=1),J42,"") | AI42: =IF(AND(OR(E42=1,E42=0),G42=3,F42=1),J42,"") | AJ42: =IF(AND(OR(E42=2,E42=0),G42=1,F42=0),J42,"") | AK42: =IF(AND(OR(E42=2,E42=0),G42=2,F42=0),J42,"") | AL42: =IF(AND(OR(E42=2,E42=0),G42=3,F42=0),J42,"") -> 180.99958 | AM42: =IF(AND(OR(E42=2,E42=0),G42=1,F42=1),J42,"") | AN42: =IF(AND(OR(E42=2,E42=0),G42=2,F42=1),J42,"") | AO42: =IF(AND(OR(E42=2,E42=0),G42=3,F42=1),J42,"") | AP42: =IF(AND(OR(E42=3,E42=0),G42=1,F42=0),J42,"") | AQ42: =IF(AND(OR(E42=3,E42=0),G42=2,F42=0),J42,"") | AR42: =IF(AND(OR(E42=3,E42=0),G42=3,F42=0),J42,"") -> 180.99958 | AS42: =IF(AND(OR(E42=3,E42=0),G42=1,F42=1),J42,"") | AT42: =IF(AND(OR(E42=3,E42=0),G42=2,F42=1),J42,"") | AU42: =IF(AND(OR(E42=3,E42=0),G42=3,F42=1),J42,"")
A43: 可愛いと可愛いで可愛い！（三可爱） | D43: =持有情况!F16-ROW()*0.00001 -> 217.99957 | E43: 0 | F43: 1 | G43: 1 | H43: 1 | I43: 三可爱 | J43: =IF(路线!C6="计算",INT(60+17*路线!B15+3*路线!B23+40+20)-ROW()*0.00001,INT(60+17*路线!B15+3*路线!B23+40)-ROW()*0.00001) -> 217.99957 | L43: =IF(AND(OR(E43=1,E43=0),G43=1),D43,"") -> 217.99957 | M43: =IF(AND(OR(E43=2,E43=0),G43=1),D43,"") -> 217.99957 | N43: =IF(AND(OR(E43=3,E43=0),G43=1),D43,"") -> 217.99957 | O43: =IF(AND(OR(E43=1,E43=0),G43=2),D43,"") | P43: =IF(AND(OR(E43=2,E43=0),G43=2),D43,"") | Q43: =IF(AND(OR(E43=3,E43=0),G43=2),D43,"") | R43: =IF(AND(OR(E43=1,E43=0),G43=3),D43,"") | S43: =IF(AND(OR(E43=2,E43=0),G43=3),D43,"") | T43: =IF(AND(OR(E43=3,E43=0),G43=3),D43,"") | U43: =IF(AND(OR(E43=1,E43=0),G43=1,F43=1),D43,"") -> 217.99957 | V43: =IF(AND(OR(E43=1,E43=0),G43=2,F43=1),D43,"") | W43: =IF(AND(OR(E43=1,E43=0),G43=3,F43=1),D43,"") | X43: =IF(AND(OR(E43=2,E43=0),G43=1,F43=1),D43,"") -> 217.99957 | Y43: =IF(AND(OR(E43=2,E43=0),G43=2,F43=1),D43,"") | Z43: =IF(AND(OR(E43=2,E43=0),G43=3,F43=1),D43,"") | AA43: =IF(AND(OR(E43=3,E43=0),G43=1,F43=1),D43,"") -> 217.99957 | AB43: =IF(AND(OR(E43=3,E43=0),G43=2,F43=1),D43,"") | AC43: =IF(AND(OR(E43=3,E43=0),G43=3,F43=1),D43,"") | AD43: =IF(AND(OR(E43=1,E43=0),G43=1,F43=0),J43,"") | AE43: =IF(AND(OR(E43=1,E43=0),G43=2,F43=0),J43,"") | AF43: =IF(AND(OR(E43=1,E43=0),G43=3,F43=0),J43,"") | AG43: =IF(AND(OR(E43=1,E43=0),G43=1,F43=1),J43,"") -> 217.99957 | AH43: =IF(AND(OR(E43=1,E43=0),G43=2,F43=1),J43,"") | AI43: =IF(AND(OR(E43=1,E43=0),G43=3,F43=1),J43,"") | AJ43: =IF(AND(OR(E43=2,E43=0),G43=1,F43=0),J43,"") | AK43: =IF(AND(OR(E43=2,E43=0),G43=2,F43=0),J43,"") | AL43: =IF(AND(OR(E43=2,E43=0),G43=3,F43=0),J43,"") | AM43: =IF(AND(OR(E43=2,E43=0),G43=1,F43=1),J43,"") -> 217.99957 | AN43: =IF(AND(OR(E43=2,E43=0),G43=2,F43=1),J43,"") | AO43: =IF(AND(OR(E43=2,E43=0),G43=3,F43=1),J43,"") | AP43: =IF(AND(OR(E43=3,E43=0),G43=1,F43=0),J43,"") | AQ43: =IF(AND(OR(E43=3,E43=0),G43=2,F43=0),J43,"") | AR43: =IF(AND(OR(E43=3,E43=0),G43=3,F43=0),J43,"") | AS43: =IF(AND(OR(E43=3,E43=0),G43=1,F43=1),J43,"") -> 217.99957 | AT43: =IF(AND(OR(E43=3,E43=0),G43=2,F43=1),J43,"") | AU43: =IF(AND(OR(E43=3,E43=0),G43=3,F43=1),J43,"")
A44: 一時休戦です（一时休战） | D44: =持有情况!F46-ROW()*0.00001 -> 254.99956 | E44: 1 | F44: 0 | G44: 1 | H44: 1 | I44: 一时休战 | J44: =IF(路线!C6="计算",INT((8.5/100)*路线!B11+17*路线!B15+17*路线!B34+40+20)-ROW()*0.00001,INT((8.5/100)*路线!B11+17*路线!B15+17*路线!B34+40)-ROW()*0.00001) -> 254.99956 | L44: =IF(AND(OR(E44=1,E44=0),G44=1),D44,"") -> 254.99956 | M44: =IF(AND(OR(E44=2,E44=0),G44=1),D44,"") | N44: =IF(AND(OR(E44=3,E44=0),G44=1),D44,"") | O44: =IF(AND(OR(E44=1,E44=0),G44=2),D44,"") | P44: =IF(AND(OR(E44=2,E44=0),G44=2),D44,"") | Q44: =IF(AND(OR(E44=3,E44=0),G44=2),D44,"") | R44: =IF(AND(OR(E44=1,E44=0),G44=3),D44,"") | S44: =IF(AND(OR(E44=2,E44=0),G44=3),D44,"") | T44: =IF(AND(OR(E44=3,E44=0),G44=3),D44,"") | U44: =IF(AND(OR(E44=1,E44=0),G44=1,F44=1),D44,"") | V44: =IF(AND(OR(E44=1,E44=0),G44=2,F44=1),D44,"") | W44: =IF(AND(OR(E44=1,E44=0),G44=3,F44=1),D44,"") | X44: =IF(AND(OR(E44=2,E44=0),G44=1,F44=1),D44,"") | Y44: =IF(AND(OR(E44=2,E44=0),G44=2,F44=1),D44,"") | Z44: =IF(AND(OR(E44=2,E44=0),G44=3,F44=1),D44,"") | AA44: =IF(AND(OR(E44=3,E44=0),G44=1,F44=1),D44,"") | AB44: =IF(AND(OR(E44=3,E44=0),G44=2,F44=1),D44,"") | AC44: =IF(AND(OR(E44=3,E44=0),G44=3,F44=1),D44,"") | AD44: =IF(AND(OR(E44=1,E44=0),G44=1,F44=0),J44,"") -> 254.99956 | AE44: =IF(AND(OR(E44=1,E44=0),G44=2,F44=0),J44,"") | AF44: =IF(AND(OR(E44=1,E44=0),G44=3,F44=0),J44,"") | AG44: =IF(AND(OR(E44=1,E44=0),G44=1,F44=1),J44,"") | AH44: =IF(AND(OR(E44=1,E44=0),G44=2,F44=1),J44,"") | AI44: =IF(AND(OR(E44=1,E44=0),G44=3,F44=1),J44,"") | AJ44: =IF(AND(OR(E44=2,E44=0),G44=1,F44=0),J44,"") | AK44: =IF(AND(OR(E44=2,E44=0),G44=2,F44=0),J44,"") | AL44: =IF(AND(OR(E44=2,E44=0),G44=3,F44=0),J44,"") | AM44: =IF(AND(OR(E44=2,E44=0),G44=1,F44=1),J44,"") | AN44: =IF(AND(OR(E44=2,E44=0),G44=2,F44=1),J44,"") | AO44: =IF(AND(OR(E44=2,E44=0),G44=3,F44=1),J44,"") | AP44: =IF(AND(OR(E44=3,E44=0),G44=1,F44=0),J44,"") | AQ44: =IF(AND(OR(E44=3,E44=0),G44=2,F44=0),J44,"") | AR44: =IF(AND(OR(E44=3,E44=0),G44=3,F44=0),J44,"") | AS44: =IF(AND(OR(E44=3,E44=0),G44=1,F44=1),J44,"") | AT44: =IF(AND(OR(E44=3,E44=0),G44=2,F44=1),J44,"") | AU44: =IF(AND(OR(E44=3,E44=0),G44=3,F44=1),J44,"")
A45: さあ、もう一戦！（黑岩射手） | D45: =持有情况!F94-ROW()*0.00001 -> 211.99955 | E45: 0 | F45: 0 | G45: 1 | H45: 1 | I45: 黑岩射手 | J45: =IF(路线!C6="计算",INT((8.5/100)*路线!B11+2*路线!B24+13*路线!B15+40+20)-ROW()*0.00001,INT((8.5/100)*路线!B11+2*路线!B24+13*路线!B15+40)-ROW()*0.00001) -> 211.99955 | L45: =IF(AND(OR(E45=1,E45=0),G45=1),D45,"") -> 211.99955 | M45: =IF(AND(OR(E45=2,E45=0),G45=1),D45,"") -> 211.99955 | N45: =IF(AND(OR(E45=3,E45=0),G45=1),D45,"") -> 211.99955 | O45: =IF(AND(OR(E45=1,E45=0),G45=2),D45,"") | P45: =IF(AND(OR(E45=2,E45=0),G45=2),D45,"") | Q45: =IF(AND(OR(E45=3,E45=0),G45=2),D45,"") | R45: =IF(AND(OR(E45=1,E45=0),G45=3),D45,"") | S45: =IF(AND(OR(E45=2,E45=0),G45=3),D45,"") | T45: =IF(AND(OR(E45=3,E45=0),G45=3),D45,"") | U45: =IF(AND(OR(E45=1,E45=0),G45=1,F45=1),D45,"") | V45: =IF(AND(OR(E45=1,E45=0),G45=2,F45=1),D45,"") | W45: =IF(AND(OR(E45=1,E45=0),G45=3,F45=1),D45,"") | X45: =IF(AND(OR(E45=2,E45=0),G45=1,F45=1),D45,"") | Y45: =IF(AND(OR(E45=2,E45=0),G45=2,F45=1),D45,"") | Z45: =IF(AND(OR(E45=2,E45=0),G45=3,F45=1),D45,"") | AA45: =IF(AND(OR(E45=3,E45=0),G45=1,F45=1),D45,"") | AB45: =IF(AND(OR(E45=3,E45=0),G45=2,F45=1),D45,"") | AC45: =IF(AND(OR(E45=3,E45=0),G45=3,F45=1),D45,"") | AD45: =IF(AND(OR(E45=1,E45=0),G45=1,F45=0),J45,"") -> 211.99955 | AE45: =IF(AND(OR(E45=1,E45=0),G45=2,F45=0),J45,"") | AF45: =IF(AND(OR(E45=1,E45=0),G45=3,F45=0),J45,"") | AG45: =IF(AND(OR(E45=1,E45=0),G45=1,F45=1),J45,"") | AH45: =IF(AND(OR(E45=1,E45=0),G45=2,F45=1),J45,"") | AI45: =IF(AND(OR(E45=1,E45=0),G45=3,F45=1),J45,"") | AJ45: =IF(AND(OR(E45=2,E45=0),G45=1,F45=0),J45,"") -> 211.99955 | AK45: =IF(AND(OR(E45=2,E45=0),G45=2,F45=0),J45,"") | AL45: =IF(AND(OR(E45=2,E45=0),G45=3,F45=0),J45,"") | AM45: =IF(AND(OR(E45=2,E45=0),G45=1,F45=1),J45,"") | AN45: =IF(AND(OR(E45=2,E45=0),G45=2,F45=1),J45,"") | AO45: =IF(AND(OR(E45=2,E45=0),G45=3,F45=1),J45,"") | AP45: =IF(AND(OR(E45=3,E45=0),G45=1,F45=0),J45,"") -> 211.99955 | AQ45: =IF(AND(OR(E45=3,E45=0),G45=2,F45=0),J45,"") | AR45: =IF(AND(OR(E45=3,E45=0),G45=3,F45=0),J45,"") | AS45: =IF(AND(OR(E45=3,E45=0),G45=1,F45=1),J45,"") | AT45: =IF(AND(OR(E45=3,E45=0),G45=2,F45=1),J45,"") | AU45: =IF(AND(OR(E45=3,E45=0),G45=3,F45=1),J45,"")
A46: あっちも行きたいですわ！（大饮料） | D46: =持有情况!P52-ROW()*0.00001 -> 197.99954 | E46: 1 | F46: 1 | G46: 2 | H46: 0 | J46: =INT(60+17*路线!B15+3*路线!B23+40)-ROW()*0.00001 -> 197.99954 | L46: =IF(AND(OR(E46=1,E46=0),G46=1),D46,"") | M46: =IF(AND(OR(E46=2,E46=0),G46=1),D46,"") | N46: =IF(AND(OR(E46=3,E46=0),G46=1),D46,"") | O46: =IF(AND(OR(E46=1,E46=0),G46=2),D46,"") -> 197.99954 | P46: =IF(AND(OR(E46=2,E46=0),G46=2),D46,"") | Q46: =IF(AND(OR(E46=3,E46=0),G46=2),D46,"") | R46: =IF(AND(OR(E46=1,E46=0),G46=3),D46,"") | S46: =IF(AND(OR(E46=2,E46=0),G46=3),D46,"") | T46: =IF(AND(OR(E46=3,E46=0),G46=3),D46,"") | U46: =IF(AND(OR(E46=1,E46=0),G46=1,F46=1),D46,"") | V46: =IF(AND(OR(E46=1,E46=0),G46=2,F46=1),D46,"") -> 197.99954 | W46: =IF(AND(OR(E46=1,E46=0),G46=3,F46=1),D46,"") | X46: =IF(AND(OR(E46=2,E46=0),G46=1,F46=1),D46,"") | Y46: =IF(AND(OR(E46=2,E46=0),G46=2,F46=1),D46,"") | Z46: =IF(AND(OR(E46=2,E46=0),G46=3,F46=1),D46,"") | AA46: =IF(AND(OR(E46=3,E46=0),G46=1,F46=1),D46,"") | AB46: =IF(AND(OR(E46=3,E46=0),G46=2,F46=1),D46,"") | AC46: =IF(AND(OR(E46=3,E46=0),G46=3,F46=1),D46,"") | AD46: =IF(AND(OR(E46=1,E46=0),G46=1,F46=0),J46,"") | AE46: =IF(AND(OR(E46=1,E46=0),G46=2,F46=0),J46,"") | AF46: =IF(AND(OR(E46=1,E46=0),G46=3,F46=0),J46,"") | AG46: =IF(AND(OR(E46=1,E46=0),G46=1,F46=1),J46,"") | AH46: =IF(AND(OR(E46=1,E46=0),G46=2,F46=1),J46,"") -> 197.99954 | AI46: =IF(AND(OR(E46=1,E46=0),G46=3,F46=1),J46,"") | AJ46: =IF(AND(OR(E46=2,E46=0),G46=1,F46=0),J46,"") | AK46: =IF(AND(OR(E46=2,E46=0),G46=2,F46=0),J46,"") | AL46: =IF(AND(OR(E46=2,E46=0),G46=3,F46=0),J46,"") | AM46: =IF(AND(OR(E46=2,E46=0),G46=1,F46=1),J46,"") | AN46: =IF(AND(OR(E46=2,E46=0),G46=2,F46=1),J46,"") | AO46: =IF(AND(OR(E46=2,E46=0),G46=3,F46=1),J46,"") | AP46: =IF(AND(OR(E46=3,E46=0),G46=1,F46=0),J46,"") | AQ46: =IF(AND(OR(E46=3,E46=0),G46=2,F46=0),J46,"") | AR46: =IF(AND(OR(E46=3,E46=0),G46=3,F46=0),J46,"") | AS46: =IF(AND(OR(E46=3,E46=0),G46=1,F46=1),J46,"") | AT46: =IF(AND(OR(E46=3,E46=0),G46=2,F46=1),J46,"") | AU46: =IF(AND(OR(E46=3,E46=0),G46=3,F46=1),J46,"")
A47: 待ちなさーい！（蓝旗） | D47: =持有情况!P82-ROW()*0.00001 -> 197.99953 | E47: 3 | F47: 1 | G47: 2 | H47: 1 | I47: 蓝旗 | J47: =INT(60+17*路线!B15+3*路线!B23+40)-ROW()*0.00001 -> 197.99953 | L47: =IF(AND(OR(E47=1,E47=0),G47=1),D47,"") | M47: =IF(AND(OR(E47=2,E47=0),G47=1),D47,"") | N47: =IF(AND(OR(E47=3,E47=0),G47=1),D47,"") | O47: =IF(AND(OR(E47=1,E47=0),G47=2),D47,"") | P47: =IF(AND(OR(E47=2,E47=0),G47=2),D47,"") | Q47: =IF(AND(OR(E47=3,E47=0),G47=2),D47,"") -> 197.99953 | R47: =IF(AND(OR(E47=1,E47=0),G47=3),D47,"") | S47: =IF(AND(OR(E47=2,E47=0),G47=3),D47,"") | T47: =IF(AND(OR(E47=3,E47=0),G47=3),D47,"") | U47: =IF(AND(OR(E47=1,E47=0),G47=1,F47=1),D47,"") | V47: =IF(AND(OR(E47=1,E47=0),G47=2,F47=1),D47,"") | W47: =IF(AND(OR(E47=1,E47=0),G47=3,F47=1),D47,"") | X47: =IF(AND(OR(E47=2,E47=0),G47=1,F47=1),D47,"") | Y47: =IF(AND(OR(E47=2,E47=0),G47=2,F47=1),D47,"") | Z47: =IF(AND(OR(E47=2,E47=0),G47=3,F47=1),D47,"") | AA47: =IF(AND(OR(E47=3,E47=0),G47=1,F47=1),D47,"") | AB47: =IF(AND(OR(E47=3,E47=0),G47=2,F47=1),D47,"") -> 197.99953 | AC47: =IF(AND(OR(E47=3,E47=0),G47=3,F47=1),D47,"") | AD47: =IF(AND(OR(E47=1,E47=0),G47=1,F47=0),J47,"") | AE47: =IF(AND(OR(E47=1,E47=0),G47=2,F47=0),J47,"") | AF47: =IF(AND(OR(E47=1,E47=0),G47=3,F47=0),J47,"") | AG47: =IF(AND(OR(E47=1,E47=0),G47=1,F47=1),J47,"") | AH47: =IF(AND(OR(E47=1,E47=0),G47=2,F47=1),J47,"") | AI47: =IF(AND(OR(E47=1,E47=0),G47=3,F47=1),J47,"") | AJ47: =IF(AND(OR(E47=2,E47=0),G47=1,F47=0),J47,"") | AK47: =IF(AND(OR(E47=2,E47=0),G47=2,F47=0),J47,"") | AL47: =IF(AND(OR(E47=2,E47=0),G47=3,F47=0),J47,"") | AM47: =IF(AND(OR(E47=2,E47=0),G47=1,F47=1),J47,"") | AN47: =IF(AND(OR(E47=2,E47=0),G47=2,F47=1),J47,"") | AO47: =IF(AND(OR(E47=2,E47=0),G47=3,F47=1),J47,"") | AP47: =IF(AND(OR(E47=3,E47=0),G47=1,F47=0),J47,"") | AQ47: =IF(AND(OR(E47=3,E47=0),G47=2,F47=0),J47,"") | AR47: =IF(AND(OR(E47=3,E47=0),G47=3,F47=0),J47,"") | AS47: =IF(AND(OR(E47=3,E47=0),G47=1,F47=1),J47,"") | AT47: =IF(AND(OR(E47=3,E47=0),G47=2,F47=1),J47,"") -> 197.99953 | AU47: =IF(AND(OR(E47=3,E47=0),G47=3,F47=1),J47,"")
A48: ゆっくりと過ごしましょう（黄购物） | D48: =持有情况!Z58-ROW()*0.00001 -> 209.99952 | E48: 2 | F48: 0 | G48: 3 | H48: 1 | I48: 黄购物 | J48: =IF(路线!C6="计算",INT(60+17*路线!B15+11*路线!B39+40+20)-ROW()*0.00001,INT(60+17*路线!B15+11*路线!B39+40)-ROW()*0.00001) -> 209.99952 | L48: =IF(AND(OR(E48=1,E48=0),G48=1),D48,"") | M48: =IF(AND(OR(E48=2,E48=0),G48=1),D48,"") | N48: =IF(AND(OR(E48=3,E48=0),G48=1),D48,"") | O48: =IF(AND(OR(E48=1,E48=0),G48=2),D48,"") | P48: =IF(AND(OR(E48=2,E48=0),G48=2),D48,"") | Q48: =IF(AND(OR(E48=3,E48=0),G48=2),D48,"") | R48: =IF(AND(OR(E48=1,E48=0),G48=3),D48,"") | S48: =IF(AND(OR(E48=2,E48=0),G48=3),D48,"") -> 209.99952 | T48: =IF(AND(OR(E48=3,E48=0),G48=3),D48,"") | U48: =IF(AND(OR(E48=1,E48=0),G48=1,F48=1),D48,"") | V48: =IF(AND(OR(E48=1,E48=0),G48=2,F48=1),D48,"") | W48: =IF(AND(OR(E48=1,E48=0),G48=3,F48=1),D48,"") | X48: =IF(AND(OR(E48=2,E48=0),G48=1,F48=1),D48,"") | Y48: =IF(AND(OR(E48=2,E48=0),G48=2,F48=1),D48,"") | Z48: =IF(AND(OR(E48=2,E48=0),G48=3,F48=1),D48,"") | AA48: =IF(AND(OR(E48=3,E48=0),G48=1,F48=1),D48,"") | AB48: =IF(AND(OR(E48=3,E48=0),G48=2,F48=1),D48,"") | AC48: =IF(AND(OR(E48=3,E48=0),G48=3,F48=1),D48,"") | AD48: =IF(AND(OR(E48=1,E48=0),G48=1,F48=0),J48,"") | AE48: =IF(AND(OR(E48=1,E48=0),G48=2,F48=0),J48,"") | AF48: =IF(AND(OR(E48=1,E48=0),G48=3,F48=0),J48,"") | AG48: =IF(AND(OR(E48=1,E48=0),G48=1,F48=1),J48,"") | AH48: =IF(AND(OR(E48=1,E48=0),G48=2,F48=1),J48,"") | AI48: =IF(AND(OR(E48=1,E48=0),G48=3,F48=1),J48,"") | AJ48: =IF(AND(OR(E48=2,E48=0),G48=1,F48=0),J48,"") | AK48: =IF(AND(OR(E48=2,E48=0),G48=2,F48=0),J48,"") | AL48: =IF(AND(OR(E48=2,E48=0),G48=3,F48=0),J48,"") -> 209.99952 | AM48: =IF(AND(OR(E48=2,E48=0),G48=1,F48=1),J48,"") | AN48: =IF(AND(OR(E48=2,E48=0),G48=2,F48=1),J48,"") | AO48: =IF(AND(OR(E48=2,E48=0),G48=3,F48=1),J48,"") | AP48: =IF(AND(OR(E48=3,E48=0),G48=1,F48=0),J48,"") | AQ48: =IF(AND(OR(E48=3,E48=0),G48=2,F48=0),J48,"") | AR48: =IF(AND(OR(E48=3,E48=0),G48=3,F48=0),J48,"") | AS48: =IF(AND(OR(E48=3,E48=0),G48=1,F48=1),J48,"") | AT48: =IF(AND(OR(E48=3,E48=0),G48=2,F48=1),J48,"") | AU48: =IF(AND(OR(E48=3,E48=0),G48=3,F48=1),J48,"")
A49: ふわふわなお面？（小熊） | D49: =持有情况!AT40-ROW()*0.00001 -> 126.99951 | E49: 0 | F49: 1 | G49: 2 | H49: 0 | J49: =INT(45+10*路线!B31+13*路线!B15+30)-ROW()*0.00001 -> 126.99951 | L49: =IF(AND(OR(E49=1,E49=0),G49=1),D49,"") | M49: =IF(AND(OR(E49=2,E49=0),G49=1),D49,"") | N49: =IF(AND(OR(E49=3,E49=0),G49=1),D49,"") | O49: =IF(AND(OR(E49=1,E49=0),G49=2),D49,"") -> 126.99951 | P49: =IF(AND(OR(E49=2,E49=0),G49=2),D49,"") -> 126.99951 | Q49: =IF(AND(OR(E49=3,E49=0),G49=2),D49,"") -> 126.99951 | R49: =IF(AND(OR(E49=1,E49=0),G49=3),D49,"") | S49: =IF(AND(OR(E49=2,E49=0),G49=3),D49,"") | T49: =IF(AND(OR(E49=3,E49=0),G49=3),D49,"") | U49: =IF(AND(OR(E49=1,E49=0),G49=1,F49=1),D49,"") | V49: =IF(AND(OR(E49=1,E49=0),G49=2,F49=1),D49,"") -> 126.99951 | W49: =IF(AND(OR(E49=1,E49=0),G49=3,F49=1),D49,"") | X49: =IF(AND(OR(E49=2,E49=0),G49=1,F49=1),D49,"") | Y49: =IF(AND(OR(E49=2,E49=0),G49=2,F49=1),D49,"") -> 126.99951 | Z49: =IF(AND(OR(E49=2,E49=0),G49=3,F49=1),D49,"") | AA49: =IF(AND(OR(E49=3,E49=0),G49=1,F49=1),D49,"") | AB49: =IF(AND(OR(E49=3,E49=0),G49=2,F49=1),D49,"") -> 126.99951 | AC49: =IF(AND(OR(E49=3,E49=0),G49=3,F49=1),D49,"") | AD49: =IF(AND(OR(E49=1,E49=0),G49=1,F49=0),J49,"") | AE49: =IF(AND(OR(E49=1,E49=0),G49=2,F49=0),J49,"") | AF49: =IF(AND(OR(E49=1,E49=0),G49=3,F49=0),J49,"") | AG49: =IF(AND(OR(E49=1,E49=0),G49=1,F49=1),J49,"") | AH49: =IF(AND(OR(E49=1,E49=0),G49=2,F49=1),J49,"") -> 126.99951 | AI49: =IF(AND(OR(E49=1,E49=0),G49=3,F49=1),J49,"") | AJ49: =IF(AND(OR(E49=2,E49=0),G49=1,F49=0),J49,"") | AK49: =IF(AND(OR(E49=2,E49=0),G49=2,F49=0),J49,"") | AL49: =IF(AND(OR(E49=2,E49=0),G49=3,F49=0),J49,"") | AM49: =IF(AND(OR(E49=2,E49=0),G49=1,F49=1),J49,"") | AN49: =IF(AND(OR(E49=2,E49=0),G49=2,F49=1),J49,"") -> 126.99951 | AO49: =IF(AND(OR(E49=2,E49=0),G49=3,F49=1),J49,"") | AP49: =IF(AND(OR(E49=3,E49=0),G49=1,F49=0),J49,"") | AQ49: =IF(AND(OR(E49=3,E49=0),G49=2,F49=0),J49,"") | AR49: =IF(AND(OR(E49=3,E49=0),G49=3,F49=0),J49,"") | AS49: =IF(AND(OR(E49=3,E49=0),G49=1,F49=1),J49,"") | AT49: =IF(AND(OR(E49=3,E49=0),G49=2,F49=1),J49,"") -> 126.99951 | AU49: =IF(AND(OR(E49=3,E49=0),G49=3,F49=1),J49,"")
A50: りっぱなすすき！（麦穗） | D50: =持有情况!BD46-ROW()*0.00001 -> 159.9995 | E50: 2 | F50: 0 | G50: 3 | H50: 0 | J50: =INT(45+10*路线!B31+11*路线!B34+13*路线!B15+30)-ROW()*0.00001 -> 159.9995 | L50: =IF(AND(OR(E50=1,E50=0),G50=1),D50,"") | M50: =IF(AND(OR(E50=2,E50=0),G50=1),D50,"") | N50: =IF(AND(OR(E50=3,E50=0),G50=1),D50,"") | O50: =IF(AND(OR(E50=1,E50=0),G50=2),D50,"") | P50: =IF(AND(OR(E50=2,E50=0),G50=2),D50,"") | Q50: =IF(AND(OR(E50=3,E50=0),G50=2),D50,"") | R50: =IF(AND(OR(E50=1,E50=0),G50=3),D50,"") | S50: =IF(AND(OR(E50=2,E50=0),G50=3),D50,"") -> 159.9995 | T50: =IF(AND(OR(E50=3,E50=0),G50=3),D50,"") | U50: =IF(AND(OR(E50=1,E50=0),G50=1,F50=1),D50,"") | V50: =IF(AND(OR(E50=1,E50=0),G50=2,F50=1),D50,"") | W50: =IF(AND(OR(E50=1,E50=0),G50=3,F50=1),D50,"") | X50: =IF(AND(OR(E50=2,E50=0),G50=1,F50=1),D50,"") | Y50: =IF(AND(OR(E50=2,E50=0),G50=2,F50=1),D50,"") | Z50: =IF(AND(OR(E50=2,E50=0),G50=3,F50=1),D50,"") | AA50: =IF(AND(OR(E50=3,E50=0),G50=1,F50=1),D50,"") | AB50: =IF(AND(OR(E50=3,E50=0),G50=2,F50=1),D50,"") | AC50: =IF(AND(OR(E50=3,E50=0),G50=3,F50=1),D50,"") | AD50: =IF(AND(OR(E50=1,E50=0),G50=1,F50=0),J50,"") | AE50: =IF(AND(OR(E50=1,E50=0),G50=2,F50=0),J50,"") | AF50: =IF(AND(OR(E50=1,E50=0),G50=3,F50=0),J50,"") | AG50: =IF(AND(OR(E50=1,E50=0),G50=1,F50=1),J50,"") | AH50: =IF(AND(OR(E50=1,E50=0),G50=2,F50=1),J50,"") | AI50: =IF(AND(OR(E50=1,E50=0),G50=3,F50=1),J50,"") | AJ50: =IF(AND(OR(E50=2,E50=0),G50=1,F50=0),J50,"") | AK50: =IF(AND(OR(E50=2,E50=0),G50=2,F50=0),J50,"") | AL50: =IF(AND(OR(E50=2,E50=0),G50=3,F50=0),J50,"") -> 159.9995 | AM50: =IF(AND(OR(E50=2,E50=0),G50=1,F50=1),J50,"") | AN50: =IF(AND(OR(E50=2,E50=0),G50=2,F50=1),J50,"") | AO50: =IF(AND(OR(E50=2,E50=0),G50=3,F50=1),J50,"") | AP50: =IF(AND(OR(E50=3,E50=0),G50=1,F50=0),J50,"") | AQ50: =IF(AND(OR(E50=3,E50=0),G50=2,F50=0),J50,"") | AR50: =IF(AND(OR(E50=3,E50=0),G50=3,F50=0),J50,"") | AS50: =IF(AND(OR(E50=3,E50=0),G50=1,F50=1),J50,"") | AT50: =IF(AND(OR(E50=3,E50=0),G50=2,F50=1),J50,"") | AU50: =IF(AND(OR(E50=3,E50=0),G50=3,F50=1),J50,"")
A51: あら、奇遇ね（红过牌） | D51: =持有情况!F4-ROW()*0.00001 -> 172.99949 | E51: 0 | F51: 0 | G51: 1 | H51: 1 | I51: 红过牌 | J51: =INT(60+6*路线!B14+7*路线!B30+40)-ROW()*0.00001 -> 172.99949 | L51: =IF(AND(OR(E51=1,E51=0),G51=1),D51,"") -> 172.99949 | M51: =IF(AND(OR(E51=2,E51=0),G51=1),D51,"") -> 172.99949 | N51: =IF(AND(OR(E51=3,E51=0),G51=1),D51,"") -> 172.99949 | O51: =IF(AND(OR(E51=1,E51=0),G51=2),D51,"") | P51: =IF(AND(OR(E51=2,E51=0),G51=2),D51,"") | Q51: =IF(AND(OR(E51=3,E51=0),G51=2),D51,"") | R51: =IF(AND(OR(E51=1,E51=0),G51=3),D51,"") | S51: =IF(AND(OR(E51=2,E51=0),G51=3),D51,"") | T51: =IF(AND(OR(E51=3,E51=0),G51=3),D51,"") | U51: =IF(AND(OR(E51=1,E51=0),G51=1,F51=1),D51,"") | V51: =IF(AND(OR(E51=1,E51=0),G51=2,F51=1),D51,"") | W51: =IF(AND(OR(E51=1,E51=0),G51=3,F51=1),D51,"") | X51: =IF(AND(OR(E51=2,E51=0),G51=1,F51=1),D51,"") | Y51: =IF(AND(OR(E51=2,E51=0),G51=2,F51=1),D51,"") | Z51: =IF(AND(OR(E51=2,E51=0),G51=3,F51=1),D51,"") | AA51: =IF(AND(OR(E51=3,E51=0),G51=1,F51=1),D51,"") | AB51: =IF(AND(OR(E51=3,E51=0),G51=2,F51=1),D51,"") | AC51: =IF(AND(OR(E51=3,E51=0),G51=3,F51=1),D51,"") | AD51: =IF(AND(OR(E51=1,E51=0),G51=1,F51=0),J51,"") -> 172.99949 | AE51: =IF(AND(OR(E51=1,E51=0),G51=2,F51=0),J51,"") | AF51: =IF(AND(OR(E51=1,E51=0),G51=3,F51=0),J51,"") | AG51: =IF(AND(OR(E51=1,E51=0),G51=1,F51=1),J51,"") | AH51: =IF(AND(OR(E51=1,E51=0),G51=2,F51=1),J51,"") | AI51: =IF(AND(OR(E51=1,E51=0),G51=3,F51=1),J51,"") | AJ51: =IF(AND(OR(E51=2,E51=0),G51=1,F51=0),J51,"") -> 172.99949 | AK51: =IF(AND(OR(E51=2,E51=0),G51=2,F51=0),J51,"") | AL51: =IF(AND(OR(E51=2,E51=0),G51=3,F51=0),J51,"") | AM51: =IF(AND(OR(E51=2,E51=0),G51=1,F51=1),J51,"") | AN51: =IF(AND(OR(E51=2,E51=0),G51=2,F51=1),J51,"") | AO51: =IF(AND(OR(E51=2,E51=0),G51=3,F51=1),J51,"") | AP51: =IF(AND(OR(E51=3,E51=0),G51=1,F51=0),J51,"") -> 172.99949 | AQ51: =IF(AND(OR(E51=3,E51=0),G51=2,F51=0),J51,"") | AR51: =IF(AND(OR(E51=3,E51=0),G51=3,F51=0),J51,"") | AS51: =IF(AND(OR(E51=3,E51=0),G51=1,F51=1),J51,"") | AT51: =IF(AND(OR(E51=3,E51=0),G51=2,F51=1),J51,"") | AU51: =IF(AND(OR(E51=3,E51=0),G51=3,F51=1),J51,"")
A52: まごころを込めて（巧可琴音） | D52: =持有情况!AJ70-ROW()*0.00001 -> 141.99948 | E52: 2 | F52: 0 | G52: 1 | H52: 1 | I52: 巧可琴音 | J52: =IF(路线!C6="计算",INT((6.4/100)*路线!B11+5*路线!B30+10*路线!B31+30+20)-ROW()*0.00001,INT((6.4/100)*路线!B11+5*路线!B30+10*路线!B31+30)-ROW()*0.00001) -> 141.99948 | L52: =IF(AND(OR(E52=1,E52=0),G52=1),D52,"") | M52: =IF(AND(OR(E52=2,E52=0),G52=1),D52,"") -> 141.99948 | N52: =IF(AND(OR(E52=3,E52=0),G52=1),D52,"") | O52: =IF(AND(OR(E52=1,E52=0),G52=2),D52,"") | P52: =IF(AND(OR(E52=2,E52=0),G52=2),D52,"") | Q52: =IF(AND(OR(E52=3,E52=0),G52=2),D52,"") | R52: =IF(AND(OR(E52=1,E52=0),G52=3),D52,"") | S52: =IF(AND(OR(E52=2,E52=0),G52=3),D52,"") | T52: =IF(AND(OR(E52=3,E52=0),G52=3),D52,"") | U52: =IF(AND(OR(E52=1,E52=0),G52=1,F52=1),D52,"") | V52: =IF(AND(OR(E52=1,E52=0),G52=2,F52=1),D52,"") | W52: =IF(AND(OR(E52=1,E52=0),G52=3,F52=1),D52,"") | X52: =IF(AND(OR(E52=2,E52=0),G52=1,F52=1),D52,"") | Y52: =IF(AND(OR(E52=2,E52=0),G52=2,F52=1),D52,"") | Z52: =IF(AND(OR(E52=2,E52=0),G52=3,F52=1),D52,"") | AA52: =IF(AND(OR(E52=3,E52=0),G52=1,F52=1),D52,"") | AB52: =IF(AND(OR(E52=3,E52=0),G52=2,F52=1),D52,"") | AC52: =IF(AND(OR(E52=3,E52=0),G52=3,F52=1),D52,"") | AD52: =IF(AND(OR(E52=1,E52=0),G52=1,F52=0),J52,"") | AE52: =IF(AND(OR(E52=1,E52=0),G52=2,F52=0),J52,"") | AF52: =IF(AND(OR(E52=1,E52=0),G52=3,F52=0),J52,"") | AG52: =IF(AND(OR(E52=1,E52=0),G52=1,F52=1),J52,"") | AH52: =IF(AND(OR(E52=1,E52=0),G52=2,F52=1),J52,"") | AI52: =IF(AND(OR(E52=1,E52=0),G52=3,F52=1),J52,"") | AJ52: =IF(AND(OR(E52=2,E52=0),G52=1,F52=0),J52,"") -> 141.99948 | AK52: =IF(AND(OR(E52=2,E52=0),G52=2,F52=0),J52,"") | AL52: =IF(AND(OR(E52=2,E52=0),G52=3,F52=0),J52,"") | AM52: =IF(AND(OR(E52=2,E52=0),G52=1,F52=1),J52,"") | AN52: =IF(AND(OR(E52=2,E52=0),G52=2,F52=1),J52,"") | AO52: =IF(AND(OR(E52=2,E52=0),G52=3,F52=1),J52,"") | AP52: =IF(AND(OR(E52=3,E52=0),G52=1,F52=0),J52,"") | AQ52: =IF(AND(OR(E52=3,E52=0),G52=2,F52=0),J52,"") | AR52: =IF(AND(OR(E52=3,E52=0),G52=3,F52=0),J52,"") | AS52: =IF(AND(OR(E52=3,E52=0),G52=1,F52=1),J52,"") | AT52: =IF(AND(OR(E52=3,E52=0),G52=2,F52=1),J52,"") | AU52: =IF(AND(OR(E52=3,E52=0),G52=3,F52=1),J52,"")
